student_id,gender,subject,attendance,study_hours,previous_score,participation,internal_marks,final_score,performance_level
STU1000,Male,English,81.0,5.5,66.9,3,31.4,64.0,Average
STU1001,Male,Computer Science,73.3,2.2,58.6,1,28.2,49.6,Low
STU1002,Female,Social Studies,82.8,5.7,66.8,8,22.9,60.4,Average
STU1003,Male,Science,93.3,6.7,73.1,3,31.9,72.6,Average
STU1004,Female,English,72.2,4.8,65.7,8,42.4,76.1,High
STU1005,Male,Computer Science,72.2,7.8,65.6,8,26.5,78.7,High
STU1006,Female,Computer Science,94.0,2.5,54.5,5,33.8,63.5,Average
STU1007,Female,Math,84.2,1.5,55.1,1,17.7,42.6,Low
STU1008,Male,Math,69.4,0.4,44.0,10,20.3,38.5,Low
STU1009,Male,Science,81.5,7.0,91.2,7,31.8,78.6,High
STU1010,Male,Math,69.4,5.3,46.3,10,39.9,67.3,Average
STU1011,Male,Science,69.4,3.9,54.6,5,30.8,57.6,Average
STU1012,Female,Social Studies,77.9,4.6,54.2,8,25.5,55.7,Average
STU1013,Female,Science,52.0,1.7,78.4,9,28.0,55.1,Average
STU1014,Male,Math,54.3,8.9,60.6,7,18.0,62.8,Average
STU1015,Male,Social Studies,68.3,4.3,83.7,7,32.8,65.3,Average
STU1016,Female,Math,62.8,4.2,54.9,1,35.1,52.5,Average
STU1017,Male,Science,78.8,5.5,69.2,4,24.4,60.6,Average
STU1018,Female,English,64.1,5.0,52.5,2,24.2,52.5,Average
STU1019,Male,Computer Science,58.1,4.4,97.2,2,30.1,52.5,Average
STU1020,Female,Math,92.6,2.4,47.2,2,24.5,38.7,Low
STU1021,Female,Science,72.3,4.9,69.6,4,27.5,59.0,Average
STU1022,Female,Social Studies,75.8,7.8,74.5,1,44.8,75.7,High
STU1023,Female,Math,57.9,6.7,71.2,4,26.0,63.3,Average
STU1024,Female,Math,68.5,7.2,62.2,2,25.1,58.2,Average
STU1025,Male,Computer Science,76.3,3.0,63.1,5,22.8,52.6,Average
STU1026,Female,Science,61.2,2.0,65.7,3,34.0,52.5,Average
STU1027,Male,English,79.5,3.7,62.8,8,26.6,57.8,Average
STU1028,Female,Social Studies,67.8,4.1,79.5,4,22.8,60.6,Average
STU1029,Female,Science,71.5,6.2,98.2,1,38.6,73.6,Average
STU1030,Male,Social Studies,67.8,0.6,56.6,1,39.4,50.0,Average
STU1031,Male,Math,97.2,7.1,44.5,10,23.2,69.4,Average
STU1032,Male,Computer Science,74.8,3.7,63.7,3,13.1,54.7,Average
STU1033,Male,Computer Science,62.3,3.1,100.0,9,36.1,73.0,Average
STU1034,Female,English,84.9,2.0,52.9,7,22.5,49.2,Low
STU1035,Male,Computer Science,60.3,0.7,89.6,2,34.3,55.6,Average
STU1036,Female,Math,77.5,5.6,90.2,9,12.2,58.4,Average
STU1037,Male,English,51.5,4.1,56.7,10,35.1,63.4,Average
STU1038,Male,Science,59.1,1.4,73.5,2,18.3,43.0,Low
STU1039,Female,Computer Science,77.4,1.4,89.4,3,33.8,58.5,Average
STU1040,Female,English,83.9,3.3,59.3,10,28.1,61.2,Average
STU1041,Male,Math,77.1,7.3,61.9,2,20.4,56.0,Average
STU1042,Female,Social Studies,73.6,3.5,56.3,3,24.7,48.0,Low
STU1043,Female,Social Studies,71.4,1.0,49.8,6,33.5,50.8,Average
STU1044,Female,Math,57.3,3.5,55.3,9,28.8,53.0,Average
STU1045,Female,Math,66.4,3.5,46.6,9,32.7,65.6,Average
STU1046,Female,Social Studies,69.5,0.0,65.5,7,43.8,47.8,Low
STU1047,Female,English,87.7,3.9,53.5,3,15.5,47.3,Low
STU1048,Female,Social Studies,79.1,3.5,68.5,4,40.9,65.1,Average
STU1049,Female,Math,53.8,5.4,41.7,6,28.8,57.6,Average
STU1050,Male,Computer Science,78.9,7.7,70.0,5,20.8,63.2,Average
STU1051,Female,Science,70.4,6.3,77.5,2,17.4,62.0,Average
STU1052,Male,Computer Science,66.9,3.5,35.1,6,26.5,44.4,Low
STU1053,Female,Computer Science,82.3,1.8,70.6,3,35.4,54.5,Average
STU1054,Female,Math,87.4,9.1,83.4,8,27.0,84.0,High
STU1055,Female,Social Studies,86.2,4.1,46.9,2,40.1,64.0,Average
STU1056,Female,English,64.9,4.0,90.1,1,16.4,46.2,Low
STU1057,Male,Computer Science,71.3,4.0,71.3,9,27.9,73.7,Average
STU1058,Male,Social Studies,79.0,4.4,54.4,3,18.0,46.8,Low
STU1059,Female,English,86.7,3.7,64.2,1,30.9,51.6,Average
STU1060,Male,Computer Science,69.2,2.9,73.4,7,35.1,64.5,Average
STU1061,Female,English,72.8,2.9,66.1,10,24.6,57.8,Average
STU1062,Female,Social Studies,61.7,3.9,73.1,5,7.2,44.4,Low
STU1063,Male,Science,,2.9,51.2,5,29.6,53.3,Average
STU1064,Male,Social Studies,84.8,2.6,67.5,1,31.5,48.4,Low
STU1065,Female,Math,91.3,4.2,43.8,9,31.2,57.0,Average
STU1066,Female,English,74.1,3.5,63.3,7,37.9,62.2,Average
STU1067,Male,Science,87.0,7.0,51.4,8,19.4,68.5,Average
STU1068,Female,English,79.3,0.0,54.0,9,33.4,51.0,Average
STU1069,Male,English,67.3,6.2,83.5,6,37.5,80.1,High
STU1070,Female,Computer Science,79.3,6.5,81.4,5,13.8,66.4,Average
STU1071,Female,Math,93.5,0.0,74.1,6,30.6,55.8,Average
STU1072,Male,English,74.6,3.3,48.6,2,24.0,48.6,Low
STU1073,Male,Social Studies,93.8,3.3,60.3,4,27.3,58.0,Average
STU1074,Male,Social Studies,43.6,1.2,83.2,3,30.8,49.7,Low
STU1075,Female,Computer Science,84.9,2.4,67.1,7,24.1,54.8,Average
STU1076,Female,Math,76.0,1.8,99.8,9,22.6,60.7,Average
STU1077,Female,Math,71.4,7.5,70.9,5,28.3,65.3,Average
STU1078,Female,Social Studies,,5.9,67.9,6,19.3,52.7,Average
STU1079,Male,Science,51.1,6.5,60.4,10,19.3,65.7,Average
STU1080,Female,Computer Science,72.4,5.4,67.0,2,33.4,62.8,Average
STU1081,Female,Computer Science,79.3,1.7,62.7,3,18.8,44.9,Low
STU1082,Female,Social Studies,92.7,3.0,75.6,3,33.3,63.1,Average
STU1083,Male,Social Studies,68.8,5.0,79.4,9,31.7,67.0,Average
STU1084,Female,Science,65.3,1.6,53.2,7,14.2,38.4,Low
STU1085,Female,Science,69.0,5.4,45.0,8,22.6,56.5,Average
STU1086,Male,Math,86.0,3.5,37.5,10,37.6,69.0,Average
STU1087,Female,Computer Science,78.9,3.3,72.6,9,20.2,54.6,Average
STU1088,Female,Computer Science,68.6,5.4,48.4,6,24.3,47.1,Low
STU1089,Male,Social Studies,81.2,4.9,32.7,4,31.7,54.0,Average
STU1090,Female,Math,76.2,3.3,70.8,1,34.3,61.4,Average
STU1091,Female,Computer Science,86.6,6.3,100.0,8,26.0,70.3,Average
STU1092,Female,Math,66.6,1.8,64.9,7,23.2,46.2,Low
STU1093,Male,Math,71.1,5.2,77.6,2,39.4,68.1,Average
STU1094,Female,Social Studies,70.3,5.2,66.2,8,41.9,82.3,High
STU1095,Female,Math,57.4,3.4,63.5,5,35.8,53.1,Average
STU1096,Male,Science,78.6,4.7,78.8,7,28.7,61.5,Average
STU1097,Male,Science,78.1,1.5,60.6,4,21.5,47.5,Low
STU1098,Female,English,75.1,5.8,69.0,5,21.4,65.3,Average
STU1099,Female,Social Studies,72.2,3.6,69.8,8,32.2,61.4,Average
STU1100,Female,English,58.0,3.0,55.0,1,31.3,42.2,Low
STU1101,Female,Science,70.0,6.1,79.9,1,39.2,70.4,Average
STU1102,Male,English,70.9,2.6,62.4,4,33.2,57.5,Average
STU1103,Female,Social Studies,65.4,1.2,53.7,3,16.0,44.4,Low
STU1104,Male,Social Studies,73.1,0.9,73.0,10,36.4,64.1,Average
STU1105,Male,Math,79.8,5.2,51.5,2,20.0,55.0,Average
STU1106,Female,Computer Science,97.6,1.4,65.4,3,24.9,49.9,Low
STU1107,Female,Math,77.1,7.5,64.9,1,30.0,74.5,Average
STU1108,Male,Social Studies,78.1,0.0,81.3,1,44.0,54.4,Average
STU1109,Male,Science,74.1,7.4,72.1,6,50.0,80.7,High
STU1110,Female,Science,52.0,4.4,64.6,5,32.9,65.5,Average
STU1111,Male,Math,74.7,3.8,77.3,8,26.5,57.6,Average
STU1112,Female,Social Studies,75.7,2.9,85.9,2,32.3,52.3,Average
STU1113,Female,Science,100.0,4.8,73.4,4,35.1,69.9,Average
STU1114,Male,Social Studies,72.7,3.9,65.2,8,25.4,59.9,Average
STU1115,Male,Science,78.6,6.2,45.3,6,42.4,69.4,Average
STU1116,Female,Social Studies,74.6,4.2,49.0,1,29.8,55.8,Average
STU1117,Male,English,61.0,4.3,60.4,4,32.0,53.9,Average
STU1118,Female,Social Studies,88.7,3.3,55.9,1,33.3,55.5,Average
STU1119,Female,Social Studies,84.0,3.9,62.2,2,31.4,56.3,Average
STU1120,Female,Math,84.5,4.6,65.8,5,34.7,62.3,Average
STU1121,Male,English,64.1,0.6,72.9,8,23.1,49.4,Low
STU1122,Female,Computer Science,91.8,1.3,63.9,8,23.5,57.4,Average
STU1123,Female,Math,58.2,5.5,72.3,3,19.2,62.5,Average
STU1124,Female,Computer Science,82.0,4.3,66.0,4,31.5,63.7,Average
STU1125,Female,Science,100.0,3.6,35.4,10,34.2,54.6,Average
STU1126,Female,Computer Science,63.1,4.0,50.9,6,31.7,56.7,Average
STU1127,Female,Social Studies,68.2,4.7,62.8,10,41.4,72.3,Average
STU1128,Female,Computer Science,76.2,2.9,46.9,3,28.0,53.0,Average
STU1129,Female,Math,69.0,2.4,74.0,2,33.3,55.4,Average
STU1130,Female,Math,56.4,4.4,88.0,6,19.3,62.7,Average
STU1131,Female,Computer Science,75.8,2.0,83.3,5,24.9,56.8,Average
STU1132,Female,Math,62.3,4.8,61.8,10,33.6,72.7,Average
STU1133,Male,Math,80.7,0.6,87.4,5,34.8,57.0,Average
STU1134,Female,Computer Science,64.0,6.1,67.2,10,25.6,68.0,Average
STU1135,Female,English,93.6,4.9,59.9,5,27.4,65.6,Average
STU1136,Female,English,65.6,4.5,55.8,10,15.9,53.2,Average
STU1137,Male,Science,71.1,6.0,60.5,5,25.1,58.0,Average
STU1138,Female,Math,,7.3,59.2,3,35.1,67.5,Average
STU1139,Male,Computer Science,60.2,6.0,67.6,7,32.6,64.5,Average
STU1140,Female,Math,77.7,0.3,67.4,6,32.0,54.4,Average
STU1141,Female,Social Studies,90.7,1.4,65.0,4,28.4,45.9,Low
STU1142,Male,Math,55.7,2.8,71.6,2,28.1,44.5,Low
STU1143,Female,Math,77.2,4.1,82.9,9,22.7,71.6,Average
STU1144,Male,English,78.1,5.0,79.2,1,33.6,60.9,Average
STU1145,Male,Computer Science,84.4,2.5,42.7,4,31.4,52.5,Average
STU1146,Female,Math,60.2,4.4,26.7,1,31.9,41.1,Low
STU1147,Female,English,59.2,2.5,79.0,6,23.8,54.1,Average
STU1148,Female,Science,81.3,2.8,44.5,4,10.8,38.2,Low
STU1149,Female,English,78.6,1.2,61.6,5,36.8,49.6,Low
STU1150,Male,English,78.0,2.2,47.4,5,24.2,53.0,Average
STU1151,Male,English,79.2,1.3,38.0,9,21.1,50.8,Average
STU1152,Female,Math,66.8,2.0,73.1,1,33.5,51.6,Average
STU1153,Male,Math,77.8,6.1,76.4,2,24.9,66.0,Average
STU1154,Male,Science,78.5,2.1,56.4,6,36.5,64.9,Average
STU1155,Female,Social Studies,66.4,9.3,26.1,5,32.9,69.2,Average
STU1156,Male,Social Studies,97.4,5.0,56.8,7,33.5,70.2,Average
STU1157,Male,Social Studies,80.7,4.4,70.9,3,17.1,54.2,Average
STU1158,Female,Science,60.7,2.3,42.8,3,37.7,52.3,Average
STU1159,Male,Social Studies,82.9,5.4,67.8,10,30.1,69.8,Average
STU1160,Female,Social Studies,63.3,2.8,64.8,2,25.0,47.2,Low
STU1161,Male,English,84.4,4.2,73.7,3,29.1,62.6,Average
STU1162,Female,Math,88.9,9.1,66.8,10,13.8,71.3,Average
STU1163,Male,Math,65.2,3.8,50.4,1,31.3,49.3,Low
STU1164,Male,English,86.6,6.3,82.9,5,19.8,66.1,Average
STU1165,Female,English,80.0,2.6,62.6,5,17.2,53.1,Average
STU1166,Female,English,84.9,3.9,64.6,7,15.8,50.9,Average
STU1167,Female,Math,97.8,7.5,51.0,4,36.9,75.6,High
STU1168,Female,Social Studies,72.1,2.7,58.4,3,23.0,50.9,Average
STU1169,Male,English,66.0,7.6,51.7,1,40.3,69.7,Average
STU1170,Male,Science,64.3,5.4,62.4,8,23.7,58.2,Average
STU1171,Male,English,65.2,2.9,90.7,3,14.3,43.3,Low
STU1172,Female,Computer Science,,5.3,44.4,2,19.1,51.3,Average
STU1173,Male,English,79.1,5.9,40.8,4,37.9,64.4,Average
STU1174,Male,Math,78.3,5.2,87.1,3,26.8,68.1,Average
STU1175,Female,English,84.9,0.9,61.9,1,23.6,41.1,Low
STU1176,Female,Computer Science,75.2,2.5,55.0,3,29.3,53.5,Average
STU1177,Male,Science,92.4,3.5,80.6,2,32.0,66.1,Average
STU1178,Female,Social Studies,71.8,3.9,55.9,8,36.9,63.8,Average
STU1179,Male,English,100.0,5.2,92.4,6,39.6,81.1,High
STU1180,Male,Computer Science,82.5,4.4,75.2,9,25.1,67.4,Average
STU1181,Female,Computer Science,64.7,1.3,57.7,8,17.4,42.1,Low
STU1182,Male,Science,62.1,4.8,97.4,10,24.7,71.6,Average
STU1183,Female,Math,80.8,5.2,55.9,3,30.1,65.9,Average
STU1184,Female,English,72.3,5.1,76.1,5,20.3,59.4,Average
STU1185,Male,Computer Science,83.6,6.2,69.5,7,20.3,59.5,Average
STU1186,Male,Science,80.7,5.7,84.5,5,30.8,67.5,Average
STU1187,Male,Social Studies,74.1,4.9,88.4,8,27.6,62.5,Average
STU1188,Female,Computer Science,64.8,3.9,65.5,5,28.3,61.8,Average
STU1189,Male,Science,56.8,0.7,53.7,1,21.9,38.9,Low
STU1190,Female,Math,69.6,4.9,71.9,5,26.2,58.9,Average
STU1191,Female,Math,85.3,4.4,54.8,4,20.6,48.5,Low
STU1192,Male,Computer Science,77.6,4.5,95.2,6,35.1,69.0,Average
STU1193,Female,Computer Science,60.1,1.4,67.0,3,36.3,49.4,Low
STU1194,Male,English,77.1,1.8,59.5,5,13.2,43.6,Low
STU1195,Male,Science,79.6,6.1,67.8,2,20.6,58.5,Average
STU1196,Male,Computer Science,64.4,3.9,44.8,6,16.0,51.6,Average
STU1197,Male,English,76.8,5.4,50.4,6,22.8,55.2,Average
STU1198,Male,English,75.7,4.1,83.0,5,27.3,56.8,Average
STU1199,Male,Computer Science,61.3,4.1,55.1,6,16.4,44.8,Low
STU1200,Male,Math,79.3,5.9,49.3,7,20.6,59.1,Average
STU1201,Female,Science,81.7,3.0,73.0,5,20.0,51.3,Average
STU1202,Male,Science,88.0,4.2,82.8,1,29.7,60.4,Average
STU1203,Female,Math,87.6,3.1,75.8,8,28.6,62.4,Average
STU1204,Female,Computer Science,58.5,3.1,79.9,4,22.2,56.0,Average
STU1205,Female,Science,63.7,3.4,53.6,9,29.4,55.7,Average
STU1206,Male,Computer Science,81.2,4.4,43.7,10,23.6,57.7,Average
STU1207,Female,Computer Science,81.2,3.0,87.5,6,25.8,64.2,Average
STU1208,Female,English,81.2,6.5,60.2,1,41.4,66.4,Average
STU1209,Male,Math,100.0,2.2,61.2,3,38.7,61.9,Average
STU1210,Male,Computer Science,81.9,3.6,84.9,3,17.6,56.0,Average
STU1211,Female,Social Studies,88.6,3.1,73.3,10,34.6,69.8,Average
STU1212,Male,Math,86.4,6.9,71.8,4,34.5,68.3,Average
STU1213,Male,Science,82.8,4.4,97.5,6,18.8,68.6,Average
STU1214,Male,English,71.2,6.1,55.3,7,34.6,76.0,High
STU1215,Male,Science,84.1,1.0,78.9,10,40.3,67.2,Average
STU1216,Female,Science,65.7,4.5,65.9,4,19.0,48.6,Low
STU1217,Male,Math,72.2,5.8,69.0,6,20.7,61.2,Average
STU1218,Male,Science,69.2,4.2,87.9,1,36.1,67.0,Average
STU1219,Male,Computer Science,76.0,6.1,72.6,8,30.2,68.6,Average
STU1220,Female,Science,100.0,3.0,73.1,7,32.4,65.7,Average
STU1221,Female,English,52.6,6.8,81.1,9,30.7,73.8,Average
STU1222,Male,English,83.2,8.6,59.5,3,31.1,75.6,High
STU1223,Male,Social Studies,55.6,3.3,52.4,2,17.4,44.4,Low
STU1224,Female,English,69.3,3.1,49.3,1,36.4,55.0,Average
STU1225,Male,Science,88.1,6.9,35.5,3,37.4,63.8,Average
STU1226,Male,English,75.8,7.2,95.8,5,26.2,74.9,Average
STU1227,Female,Math,62.1,3.0,48.5,2,27.7,43.9,Low
STU1228,Male,English,66.4,3.2,61.7,3,15.8,48.3,Low
STU1229,Male,Computer Science,83.2,3.4,60.8,4,32.1,62.7,Average
STU1230,Female,Math,66.2,1.3,69.6,7,32.6,57.5,Average
STU1231,Female,Social Studies,77.6,2.2,77.2,3,27.5,52.7,Average
STU1232,Male,Computer Science,75.5,2.0,77.9,9,37.0,64.6,Average
STU1233,Female,Science,67.2,2.5,56.3,8,25.3,59.9,Average
STU1234,Male,Science,100.0,3.9,62.5,4,32.5,61.7,Average
STU1235,Male,Science,82.6,4.5,69.2,1,19.8,56.9,Average
STU1236,Male,Computer Science,50.7,7.1,61.3,1,27.8,59.3,Average
STU1237,Female,Computer Science,77.2,2.0,89.1,1,26.6,52.0,Average
STU1238,Female,Computer Science,67.1,6.0,72.4,1,29.8,56.0,Average
STU1239,Male,Math,85.2,3.6,76.0,8,25.0,63.9,Average
STU1240,Male,Math,65.5,3.9,74.9,3,26.9,56.4,Average
STU1241,Female,Science,73.6,5.3,82.6,6,34.6,77.5,High
STU1242,Female,English,81.1,1.8,67.7,3,24.5,46.5,Low
STU1243,Female,Science,85.4,4.8,45.5,5,15.1,59.5,Average
STU1244,Male,Social Studies,60.6,4.3,71.0,7,42.0,70.0,Average
STU1245,Female,Math,71.0,5.0,55.2,2,39.1,62.9,Average
STU1246,Female,Computer Science,69.3,4.6,57.1,6,17.7,50.7,Average
STU1247,Male,Math,67.2,8.9,73.8,6,33.5,78.4,High
STU1248,Male,Computer Science,96.2,2.7,83.6,3,24.0,59.6,Average
STU1249,Male,Social Studies,79.9,2.9,65.3,6,30.1,62.1,Average
STU1250,Female,Social Studies,59.9,2.8,69.6,10,30.4,57.1,Average
STU1251,Male,Math,86.0,2.9,90.5,10,26.1,72.6,Average
STU1252,Male,Computer Science,100.0,2.7,68.6,5,21.7,57.4,Average
STU1253,Male,Social Studies,87.4,6.4,100.0,2,22.5,70.7,Average
STU1254,Male,Science,56.8,6.8,73.5,9,20.7,65.0,Average
STU1255,Female,Science,69.2,2.9,38.6,8,21.3,44.9,Low
STU1256,Male,Computer Science,,2.3,76.3,3,27.5,56.4,Average
STU1257,Female,Math,66.5,4.9,70.7,8,22.3,61.9,Average
STU1258,Female,Social Studies,80.3,2.9,84.3,9,33.5,62.9,Average
STU1259,Female,Math,84.3,5.3,75.1,3,39.9,73.3,Average
STU1260,Male,Science,63.9,4.4,62.9,3,23.4,56.4,Average
STU1261,Female,Social Studies,74.3,1.0,46.6,2,29.9,40.9,Low
STU1262,Male,Math,,7.1,61.9,8,32.0,62.9,Average
STU1263,Male,English,62.7,7.6,52.2,10,31.8,70.6,Average
STU1264,Male,Computer Science,72.0,2.8,56.3,1,28.6,48.7,Low
STU1265,Female,Computer Science,60.0,3.2,73.8,8,33.9,61.6,Average
STU1266,Male,English,94.6,4.6,90.0,7,31.9,73.0,Average
STU1267,Male,Science,57.8,4.7,70.9,7,18.1,56.6,Average
STU1268,Male,Social Studies,69.7,5.3,47.1,3,35.0,54.0,Average
STU1269,Female,Computer Science,76.6,8.0,71.7,1,35.1,66.3,Average
STU1270,Female,English,92.3,3.6,82.9,4,21.9,49.3,Low
STU1271,Female,English,57.8,2.4,55.9,9,28.3,57.6,Average
STU1272,Male,Science,89.0,1.2,63.0,5,33.5,55.6,Average
STU1273,Female,Science,,2.5,65.2,1,26.3,52.9,Average
STU1274,Male,Math,63.2,3.9,53.2,5,36.6,54.4,Average
STU1275,Male,Computer Science,80.5,7.6,74.7,8,46.9,85.8,High
STU1276,Female,Math,77.4,3.0,63.2,8,21.7,56.4,Average
STU1277,Male,English,67.8,4.4,71.3,5,17.0,51.6,Average
STU1278,Female,Social Studies,75.8,4.0,51.7,9,30.4,55.8,Average
STU1279,Male,Social Studies,70.4,6.4,58.4,1,33.8,68.5,Average
STU1280,Female,Science,76.4,9.1,75.8,4,26.2,78.6,High
STU1281,Male,Social Studies,82.9,2.9,59.4,3,39.6,58.3,Average
STU1282,Male,Social Studies,94.0,3.0,90.9,2,17.3,56.9,Average
STU1283,Male,Social Studies,60.1,6.1,59.0,8,33.5,65.5,Average
STU1284,Male,English,,5.4,68.4,7,23.2,63.0,Average
STU1285,Male,Social Studies,51.6,7.7,79.0,9,41.8,87.5,High
STU1286,Female,Social Studies,73.2,5.2,43.7,2,43.9,56.4,Average
STU1287,Male,Social Studies,82.1,3.3,38.6,4,21.9,46.3,Low
STU1288,Female,Math,,5.2,42.1,6,23.6,56.4,Average
STU1289,Female,English,67.5,6.2,83.9,3,34.9,75.5,High
STU1290,Female,Science,72.5,5.6,56.7,8,24.9,65.8,Average
STU1291,Male,Math,69.1,5.0,100.0,3,27.6,59.4,Average
STU1292,Male,Computer Science,67.9,6.1,56.5,2,28.2,58.2,Average
STU1293,Male,English,85.2,6.3,67.8,3,12.6,56.4,Average
STU1294,Female,English,79.3,6.8,88.1,6,27.9,72.4,Average
STU1295,Male,Computer Science,66.7,5.3,95.1,2,22.5,63.4,Average
STU1296,Male,Computer Science,85.8,3.7,95.9,8,24.1,62.1,Average
STU1297,Female,Computer Science,78.7,4.3,83.1,1,39.5,64.4,Average
STU1298,Female,Science,84.8,6.4,80.4,7,17.9,68.6,Average
STU1299,Female,Social Studies,82.6,2.4,73.9,2,34.5,60.0,Average
STU1300,Female,English,65.1,4.7,76.7,10,25.8,66.5,Average
STU1301,Female,Social Studies,68.3,3.2,56.7,6,25.8,52.3,Average
STU1302,Female,Social Studies,84.0,4.1,52.7,2,34.3,57.3,Average
STU1303,Male,Computer Science,82.3,6.6,64.9,2,30.7,67.9,Average
STU1304,Female,Science,74.7,4.4,62.4,10,32.6,67.4,Average
STU1305,Male,Math,76.4,4.1,58.2,8,35.7,61.4,Average
STU1306,Male,Science,90.3,1.3,75.4,2,25.3,46.1,Low
STU1307,Male,Social Studies,67.9,5.5,79.3,7,23.1,58.7,Average
STU1308,Female,Science,81.6,5.3,66.3,3,19.3,61.8,Average
STU1309,Male,Computer Science,72.6,8.3,87.2,8,21.4,77.8,High
STU1310,Female,Math,72.4,3.4,47.9,7,50.0,67.0,Average
STU1311,Female,Computer Science,88.2,4.4,62.1,8,38.0,68.4,Average
STU1312,Male,Math,84.9,4.5,54.2,7,17.2,53.2,Average
STU1313,Female,Social Studies,84.8,7.2,37.0,6,17.4,62.2,Average
STU1314,Male,Math,90.7,3.8,63.8,7,31.9,71.8,Average
STU1315,Male,Math,75.3,4.6,63.2,5,32.4,60.1,Average
STU1316,Female,Math,83.2,5.2,87.7,7,32.4,77.2,High
STU1317,Male,Science,71.3,4.4,74.5,1,26.0,55.7,Average
STU1318,Male,Science,78.9,3.1,49.6,1,27.0,47.4,Low
STU1319,Male,Social Studies,73.4,4.4,92.8,9,30.6,77.1,High
STU1320,Female,Math,76.2,6.1,83.3,5,28.7,69.0,Average
STU1321,Male,English,82.1,1.9,73.7,5,10.2,46.8,Low
STU1322,Female,Social Studies,65.2,4.3,61.6,3,26.2,54.8,Average
STU1323,Female,Math,100.0,2.6,50.6,5,21.2,45.5,Low
STU1324,Male,Math,62.9,6.4,59.4,3,29.4,61.8,Average
STU1325,Male,Science,60.4,1.0,81.3,9,50.0,66.2,Average
STU1326,Female,Social Studies,88.9,2.9,93.3,9,30.9,64.6,Average
STU1327,Female,Math,84.5,4.8,88.1,6,25.5,65.1,Average
STU1328,Male,Math,82.5,7.1,57.7,1,35.4,64.5,Average
STU1329,Male,Social Studies,82.5,3.9,48.2,7,31.9,64.1,Average
STU1330,Female,English,74.9,2.9,67.1,7,31.4,56.1,Average
STU1331,Female,Social Studies,64.2,7.8,38.5,10,32.9,67.2,Average
STU1332,Female,Social Studies,75.9,1.1,69.8,10,44.5,67.4,Average
STU1333,Female,English,66.9,0.0,62.8,4,19.0,34.4,Low
STU1334,Female,Social Studies,86.7,4.9,58.0,8,31.8,64.4,Average
STU1335,Male,Math,73.2,3.0,41.1,6,20.6,41.0,Low
STU1336,Female,Social Studies,65.1,2.0,72.7,4,32.4,57.9,Average
STU1337,Female,English,71.1,5.4,57.0,4,20.7,53.8,Average
STU1338,Male,Computer Science,80.0,4.5,47.5,2,24.7,51.6,Average
STU1339,Male,Social Studies,68.2,2.9,21.9,2,25.6,43.7,Low
STU1340,Female,Science,65.1,1.4,64.6,4,35.8,50.2,Average
STU1341,Female,Math,77.9,5.7,91.6,5,35.3,72.6,Average
STU1342,Male,Math,77.9,5.3,89.9,8,18.0,61.9,Average
STU1343,Female,Science,68.9,3.8,58.1,6,28.4,52.9,Average
STU1344,Female,Science,69.3,7.7,56.0,4,22.3,58.3,Average
STU1345,Male,Social Studies,77.8,1.9,72.0,7,17.9,49.3,Low
STU1346,Female,Science,57.6,0.9,50.0,8,26.3,44.8,Low
STU1347,Male,Computer Science,58.1,2.6,69.5,2,25.5,49.3,Low
STU1348,Male,English,66.4,3.9,76.5,7,47.4,69.3,Average
STU1349,Male,Science,72.4,4.5,83.4,2,31.5,63.4,Average
STU1350,Male,Science,78.7,3.5,63.5,2,17.0,49.7,Low
STU1351,Female,Computer Science,92.7,4.7,61.9,8,23.5,61.7,Average
STU1352,Male,Math,85.3,1.5,51.8,2,36.2,48.5,Low
STU1353,Female,Math,73.1,6.9,52.6,9,44.7,77.9,High
STU1354,Female,Social Studies,74.8,3.8,61.6,1,15.3,44.8,Low
STU1355,Female,Computer Science,63.0,6.2,70.5,9,13.0,61.0,Average
STU1356,Female,English,74.8,4.7,78.7,1,43.0,73.3,Average
STU1357,Female,English,71.5,4.9,53.0,10,31.1,65.5,Average
STU1358,Male,Computer Science,78.9,5.1,87.4,10,21.1,66.5,Average
STU1359,Male,English,65.1,4.9,60.9,2,32.3,54.4,Average
STU1360,Male,Math,81.2,5.3,64.7,6,6.9,49.2,Low
STU1361,Male,English,93.4,6.7,53.8,6,28.0,62.2,Average
STU1362,Female,English,73.7,4.4,28.6,1,30.6,52.0,Average
STU1363,Male,Computer Science,79.8,5.4,78.3,7,35.4,64.2,Average
STU1364,Female,Computer Science,83.3,3.8,76.1,8,19.9,62.4,Average
STU1365,Female,English,70.2,6.9,60.8,2,28.7,58.8,Average
STU1366,Male,Science,77.7,2.6,66.0,8,20.6,52.6,Average
STU1367,Male,Computer Science,75.2,7.6,72.7,9,30.0,72.7,Average
STU1368,Male,Social Studies,76.2,3.9,41.6,6,20.8,55.8,Average
STU1369,Male,Social Studies,65.7,1.1,57.1,5,24.7,45.4,Low
STU1370,Female,Math,75.3,4.3,76.9,9,20.0,65.0,Average
STU1371,Female,English,81.0,2.6,46.2,9,33.2,63.8,Average
STU1372,Male,Science,92.4,5.7,69.4,1,34.9,67.0,Average
STU1373,Female,Math,86.5,2.7,44.7,3,26.1,44.5,Low
STU1374,Female,English,100.0,3.1,72.0,9,28.3,65.3,Average
STU1375,Female,Computer Science,65.8,0.2,64.5,2,16.4,33.6,Low
STU1376,Male,Social Studies,85.5,3.1,40.8,4,25.6,48.0,Low
STU1377,Female,Science,77.2,0.0,82.5,4,27.6,49.8,Low
STU1378,Male,Social Studies,100.0,0.8,54.0,2,49.0,59.0,Average
STU1379,Male,Computer Science,65.3,5.5,52.8,3,19.1,52.9,Average
STU1380,Female,English,64.9,5.6,68.0,3,39.7,68.6,Average
STU1381,Female,Computer Science,67.8,4.9,82.2,1,36.0,63.2,Average
STU1382,Male,Computer Science,49.5,2.1,49.8,6,30.2,49.8,Low
STU1383,Female,Social Studies,68.7,3.9,65.9,8,42.1,66.7,Average
STU1384,Female,Science,65.9,4.0,71.4,3,31.0,62.9,Average
STU1385,Male,Computer Science,76.8,1.7,75.4,5,31.1,54.3,Average
STU1386,Male,Social Studies,79.1,7.0,67.6,1,27.6,68.0,Average
STU1387,Male,Science,97.5,5.8,59.5,10,37.8,71.5,Average
STU1388,Male,English,86.4,3.6,52.6,7,36.8,62.3,Average
STU1389,Female,English,68.1,4.1,66.3,10,23.0,59.6,Average
STU1390,Female,Math,64.2,4.4,48.9,1,17.4,45.1,Low
STU1391,Male,Social Studies,80.9,0.0,21.2,9,26.4,45.5,Low
STU1392,Male,Science,59.2,3.5,71.5,8,21.6,51.2,Average
STU1393,Male,Computer Science,97.0,2.6,78.6,7,27.5,58.9,Average
STU1394,Female,English,89.2,2.0,29.6,10,37.9,53.3,Average
STU1395,Male,Science,69.4,3.4,49.9,7,24.3,57.8,Average
STU1396,Female,Social Studies,54.4,7.6,74.3,5,27.7,68.5,Average
STU1397,Male,Math,91.2,5.3,95.9,5,28.5,67.7,Average
STU1398,Male,English,73.6,2.9,65.3,5,34.8,57.5,Average
STU1399,Male,Science,89.9,5.1,54.1,1,10.0,51.4,Average
STU1400,Female,Science,55.9,6.8,62.3,8,23.1,62.4,Average
STU1401,Female,Science,67.8,5.8,85.6,1,29.7,62.2,Average
STU1402,Female,Social Studies,75.1,4.1,55.3,4,37.6,58.1,Average
STU1403,Male,Social Studies,75.6,2.7,53.0,9,24.1,50.8,Average
STU1404,Female,Social Studies,69.6,5.4,57.8,9,13.0,60.6,Average
STU1405,Female,Computer Science,82.5,4.8,50.7,5,33.0,67.9,Average
STU1406,Male,Science,62.2,5.8,66.8,4,22.9,54.3,Average
STU1407,Male,English,73.3,5.3,89.4,3,18.5,65.0,Average
STU1408,Female,Social Studies,76.4,6.1,69.8,3,23.0,58.8,Average
STU1409,Female,Social Studies,81.2,2.9,61.2,5,26.5,56.8,Average
STU1410,Female,Science,83.5,6.6,60.6,10,23.2,74.5,Average
STU1411,Female,Social Studies,61.5,4.4,41.6,1,10.4,37.5,Low
STU1412,Male,Computer Science,56.6,8.2,78.2,5,35.2,73.2,Average
STU1413,Male,Computer Science,90.3,2.6,63.8,6,38.2,66.6,Average
STU1414,Male,Social Studies,79.0,7.5,62.3,7,33.2,69.5,Average
STU1415,Female,Science,66.0,4.4,100.0,9,18.9,69.6,Average
STU1416,Female,Science,93.6,2.7,69.5,3,26.4,56.2,Average
STU1417,Male,Science,76.4,3.0,53.7,2,27.9,47.9,Low
STU1418,Male,Math,89.2,3.4,58.6,3,32.8,55.9,Average
STU1419,Female,Social Studies,75.8,4.8,82.2,9,33.3,67.0,Average
STU1420,Female,Science,99.7,5.0,66.7,7,22.1,62.5,Average
STU1421,Male,Computer Science,96.1,2.9,43.4,9,28.7,57.9,Average
STU1422,Male,English,72.0,4.0,78.8,2,31.7,55.8,Average
STU1423,Male,English,86.7,8.3,55.0,5,39.6,76.7,High
STU1424,Female,Science,82.7,7.5,93.1,4,33.6,79.6,High
STU1425,Female,English,91.4,4.9,81.2,2,34.3,66.6,Average
STU1426,Female,English,63.4,4.1,58.3,9,28.7,62.9,Average
STU1427,Female,Math,83.2,4.2,84.2,9,39.3,72.4,Average
STU1428,Female,Computer Science,87.7,5.2,66.0,6,31.3,70.9,Average
STU1429,Female,Computer Science,53.9,2.0,77.8,6,21.1,50.1,Average
STU1430,Male,Math,60.8,3.5,72.3,8,39.2,72.0,Average
STU1431,Male,Math,50.5,0.7,52.3,6,33.6,56.0,Average
STU1432,Female,English,71.8,4.8,55.3,1,24.5,50.0,Average
STU1433,Male,Social Studies,83.6,5.3,80.4,4,24.2,62.1,Average
STU1434,Female,English,93.0,3.0,60.0,7,30.4,60.1,Average
STU1435,Male,Math,75.9,7.1,58.9,2,31.7,67.0,Average
STU1436,Female,Computer Science,94.5,1.5,50.7,9,29.6,61.8,Average
STU1437,Male,English,58.4,1.1,71.4,8,30.5,51.5,Average
STU1438,Male,Social Studies,54.6,4.4,95.9,8,41.6,75.7,High
STU1439,Female,English,74.3,6.1,49.0,7,36.6,67.4,Average
STU1440,Female,Science,79.6,7.4,65.4,4,29.5,71.0,Average
STU1441,Male,English,74.6,3.1,86.2,2,35.5,67.1,Average
STU1442,Male,Math,50.2,6.2,63.8,3,19.7,52.8,Average
STU1443,Female,Computer Science,73.9,3.9,71.8,6,31.2,56.3,Average
STU1444,Male,Computer Science,59.3,3.7,49.1,5,42.5,62.7,Average
STU1445,Female,Math,83.0,5.8,71.4,8,26.3,65.6,Average
STU1446,Female,Science,,5.3,62.2,6,21.2,59.1,Average
STU1447,Male,Math,63.7,0.8,79.8,6,22.8,52.2,Average
STU1448,Female,English,68.8,7.0,82.8,1,19.3,61.6,Average
STU1449,Male,Math,62.3,6.8,100.0,4,21.7,67.1,Average
STU1450,Male,Math,74.2,2.7,73.7,5,25.0,52.8,Average
STU1451,Female,Science,86.5,4.8,69.9,3,16.8,44.3,Low
STU1452,Male,English,63.2,5.0,67.9,9,28.1,67.3,Average
STU1453,Female,Social Studies,81.0,4.5,59.7,1,35.2,58.3,Average
STU1454,Female,Social Studies,68.6,2.9,70.1,6,20.7,58.3,Average
STU1455,Female,Computer Science,65.5,2.7,60.6,6,40.2,61.9,Average
STU1456,Male,Math,73.7,3.9,67.5,10,32.1,64.5,Average
STU1457,Female,Computer Science,62.6,6.3,84.8,5,36.2,76.0,High
STU1458,Male,Science,68.4,5.1,49.9,5,22.7,58.7,Average
STU1459,Female,Social Studies,60.6,3.3,82.1,10,34.8,66.7,Average
STU1460,Female,Math,98.6,5.5,84.8,5,19.3,70.4,Average
STU1461,Female,Science,75.4,0.0,63.2,6,35.1,50.0,Average
STU1462,Male,Science,66.6,6.3,33.2,8,29.4,61.5,Average
STU1463,Male,Math,77.6,0.5,55.9,2,32.4,48.4,Low
STU1464,Female,Science,73.7,3.3,84.5,6,18.6,59.4,Average
STU1465,Female,Math,72.3,1.8,64.7,1,20.8,45.7,Low
STU1466,Male,Math,82.4,1.4,50.0,4,32.8,49.5,Low
STU1467,Male,English,84.1,6.3,57.4,10,20.4,70.2,Average
STU1468,Male,Computer Science,68.6,3.1,77.6,3,31.7,57.2,Average
STU1469,Female,Science,68.1,4.7,73.2,9,17.1,57.5,Average
STU1470,Male,Science,71.7,3.9,61.4,3,34.8,56.5,Average
STU1471,Female,English,47.4,5.0,59.5,6,18.1,58.7,Average
STU1472,Male,English,56.8,4.2,59.1,1,32.4,50.2,Average
STU1473,Female,English,91.4,1.4,51.2,6,33.0,59.6,Average
STU1474,Female,Social Studies,,6.0,89.2,4,22.4,64.0,Average
STU1475,Female,Social Studies,72.0,3.0,60.2,8,32.7,62.1,Average
STU1476,Male,Social Studies,81.9,0.9,83.3,9,30.1,61.7,Average
STU1477,Male,Math,78.7,3.1,87.8,4,23.7,64.1,Average
STU1478,Male,Science,100.0,7.0,80.0,10,19.9,72.8,Average
STU1479,Female,Computer Science,88.4,5.7,58.5,10,12.3,57.3,Average
STU1480,Female,Math,73.5,3.3,71.1,6,30.8,60.0,Average
STU1481,Male,Science,63.5,3.3,64.6,1,15.5,49.4,Low
STU1482,Female,Science,55.7,3.4,51.4,4,28.8,46.9,Low
STU1483,Female,English,77.4,8.2,69.9,7,25.9,63.2,Average
STU1484,Female,English,65.9,4.8,47.3,1,33.4,54.3,Average
STU1485,Male,Math,57.9,4.9,82.8,8,25.6,67.9,Average
STU1486,Female,English,67.2,6.1,58.0,10,25.4,62.1,Average
STU1487,Male,Science,62.0,4.5,68.0,6,33.9,66.2,Average
STU1488,Male,English,95.2,3.5,69.2,5,30.7,58.9,Average
STU1489,Male,Social Studies,85.6,3.6,61.1,10,30.5,64.7,Average
STU1490,Male,English,74.9,3.9,73.8,9,31.8,69.7,Average
STU1491,Male,Science,,3.9,57.9,2,15.7,44.8,Low
STU1492,Female,Math,75.9,5.5,78.1,5,34.1,69.9,Average
STU1493,Male,Computer Science,64.7,4.1,44.8,6,32.9,61.3,Average
STU1494,Male,English,93.3,5.5,66.9,7,19.9,65.5,Average
STU1495,Male,Science,81.5,3.8,94.1,5,26.0,61.6,Average
STU1496,Female,Computer Science,62.6,4.2,50.0,9,27.7,63.9,Average
STU1497,Female,Computer Science,,0.0,54.8,1,26.9,42.1,Low
STU1498,Female,Social Studies,64.5,5.8,72.7,7,30.7,60.5,Average
STU1499,Female,Computer Science,58.4,4.7,67.7,10,39.5,73.9,Average
STU1500,Male,Science,86.1,6.0,70.3,7,36.7,72.1,Average
STU1501,Male,Science,97.9,0.0,72.3,4,17.5,46.2,Low
STU1502,Female,English,58.2,8.2,74.5,9,33.0,80.9,High
STU1503,Female,English,81.8,3.7,81.6,5,38.6,66.3,Average
STU1504,Female,English,67.2,6.2,71.1,4,31.1,59.3,Average
STU1505,Female,Computer Science,69.2,1.9,61.4,7,36.7,63.8,Average
STU1506,Male,Computer Science,67.9,5.2,75.1,4,44.1,75.3,High
STU1507,Female,Social Studies,64.6,1.9,93.5,3,36.2,59.3,Average
STU1508,Female,English,75.6,2.8,63.0,9,30.0,63.7,Average
STU1509,Female,Math,65.0,7.8,50.4,8,36.4,71.2,Average
STU1510,Female,Social Studies,78.2,3.6,81.6,1,29.2,58.1,Average
STU1511,Female,Math,74.4,4.4,63.2,7,28.2,61.0,Average
STU1512,Female,Computer Science,72.1,5.7,32.4,9,25.2,57.5,Average
STU1513,Female,Social Studies,64.1,5.0,77.7,8,40.5,74.2,Average
STU1514,Male,Social Studies,68.1,4.3,57.0,8,21.5,51.8,Average
STU1515,Male,Science,84.1,4.7,63.6,6,40.3,68.7,Average
STU1516,Male,Computer Science,81.0,8.8,70.0,4,32.0,76.4,High
STU1517,Male,Computer Science,63.3,3.9,67.9,8,16.8,61.1,Average
STU1518,Male,Social Studies,76.2,4.4,75.6,3,30.9,57.2,Average
STU1519,Male,Computer Science,84.0,6.1,58.5,9,11.2,61.5,Average
STU1520,Female,Social Studies,55.0,6.2,72.7,2,33.0,65.1,Average
STU1521,Female,Science,81.5,6.4,61.1,2,35.1,59.1,Average
STU1522,Male,Social Studies,67.0,5.3,76.1,7,23.3,64.5,Average
STU1523,Female,Computer Science,81.8,1.7,74.2,10,29.0,64.7,Average
STU1524,Male,Computer Science,65.8,7.3,51.0,4,43.6,73.2,Average
STU1525,Female,Social Studies,53.3,1.7,81.3,10,24.0,55.3,Average
STU1526,Female,Social Studies,55.5,4.6,57.0,8,19.5,55.3,Average
STU1527,Female,Social Studies,75.6,2.5,77.1,9,39.9,68.9,Average
STU1528,Female,English,78.1,3.9,70.5,7,43.7,64.7,Average
STU1529,Female,Computer Science,64.1,4.7,92.6,5,28.0,65.6,Average
STU1530,Female,Computer Science,82.7,4.6,61.6,8,36.1,67.3,Average
STU1531,Male,English,55.1,4.8,59.8,4,38.7,58.8,Average
STU1532,Male,Social Studies,74.2,7.2,64.7,2,22.1,70.0,Average
STU1533,Female,Science,60.5,4.9,60.5,6,24.1,61.5,Average
STU1534,Male,Social Studies,67.2,3.5,77.0,9,37.8,64.3,Average
STU1535,Female,Social Studies,75.6,5.9,40.8,1,41.5,63.1,Average
STU1536,Male,English,64.7,6.4,49.2,10,32.5,73.9,Average
STU1537,Female,Computer Science,70.4,1.5,49.0,7,21.0,40.0,Low
STU1538,Male,Social Studies,87.1,5.2,79.3,10,43.9,81.8,High
STU1539,Female,Computer Science,68.1,5.4,90.7,9,23.8,69.6,Average
STU1540,Male,Math,85.0,3.4,63.4,10,25.3,57.4,Average
STU1541,Female,Computer Science,61.4,6.8,62.5,9,30.7,71.2,Average
STU1542,Male,Science,81.4,3.7,66.1,10,40.4,75.7,High
STU1543,Female,Science,92.3,4.3,82.4,3,34.8,73.1,Average
STU1544,Female,Social Studies,45.3,3.7,51.1,5,31.3,51.0,Average
STU1545,Female,Computer Science,65.4,4.0,68.6,8,31.7,72.7,Average
STU1546,Male,Social Studies,81.9,1.8,79.6,8,28.3,52.5,Average
STU1547,Male,English,72.6,1.1,72.5,4,32.5,54.4,Average
STU1548,Male,Science,79.5,7.2,67.8,1,7.8,47.7,Low
STU1549,Female,Social Studies,67.8,2.3,80.0,1,25.6,50.4,Average
STU1550,Male,English,76.0,2.0,24.5,4,29.9,42.2,Low
STU1551,Female,Social Studies,73.1,0.0,75.2,6,18.8,47.1,Low
STU1552,Male,Computer Science,89.0,2.7,55.2,8,31.1,59.6,Average
STU1553,Male,Computer Science,78.1,1.4,37.5,6,26.4,42.8,Low
STU1554,Male,Computer Science,79.1,7.3,72.7,9,42.0,79.7,High
STU1555,Male,Computer Science,70.1,6.0,85.6,9,40.6,86.8,High
STU1556,Female,Math,69.1,2.6,62.9,2,24.3,49.5,Low
STU1557,Male,English,69.8,8.5,79.3,10,26.8,72.1,Average
STU1558,Male,English,79.7,6.0,89.2,1,27.4,67.4,Average
STU1559,Female,Computer Science,,3.4,84.7,2,24.4,54.3,Average
STU1560,Female,Math,78.5,0.0,89.6,5,29.6,54.2,Average
STU1561,Male,Computer Science,99.9,8.6,76.1,4,21.9,76.3,High
STU1562,Male,Math,85.5,1.2,66.1,4,19.0,50.8,Average
STU1563,Female,Computer Science,71.1,0.7,41.0,9,33.0,47.5,Low
STU1564,Female,Science,89.4,6.0,61.3,8,33.0,71.7,Average
STU1565,Female,Science,70.1,8.9,52.4,6,21.6,64.3,Average
STU1566,Male,Social Studies,50.5,6.8,97.6,1,35.2,71.5,Average
STU1567,Male,Computer Science,62.9,5.1,62.4,2,22.9,52.1,Average
STU1568,Male,English,52.6,5.2,66.8,6,30.0,61.2,Average
STU1569,Female,Social Studies,70.8,5.7,73.3,2,34.6,63.8,Average
STU1570,Female,Science,75.2,5.5,65.7,10,27.7,68.0,Average
STU1571,Female,Computer Science,95.1,4.6,90.4,5,31.6,77.4,High
STU1572,Male,Social Studies,78.9,4.2,55.7,5,23.9,64.4,Average
STU1573,Female,Computer Science,72.4,3.9,67.9,6,26.4,60.1,Average
STU1574,Male,Science,85.0,2.5,53.9,6,26.4,53.3,Average
STU1575,Female,Social Studies,48.5,3.4,45.2,6,22.0,40.2,Low
STU1576,Male,Science,77.8,0.6,55.8,2,26.6,40.4,Low
STU1577,Male,Math,84.3,3.8,64.4,10,15.6,57.5,Average
STU1578,Female,Science,57.3,2.0,58.6,3,24.1,41.6,Low
STU1579,Male,Computer Science,88.7,1.8,54.6,6,25.7,49.8,Low
STU1580,Female,English,,4.4,43.9,8,26.0,63.9,Average
STU1581,Male,Science,70.0,6.8,63.8,1,26.1,59.9,Average
STU1582,Female,English,82.6,5.8,42.4,1,27.5,55.5,Average
STU1583,Female,Math,100.0,0.9,76.4,2,31.8,52.5,Average
STU1584,Male,Social Studies,77.2,2.0,66.2,6,35.0,63.0,Average
STU1585,Female,Social Studies,78.0,5.9,43.1,9,22.8,60.4,Average
STU1586,Male,English,69.5,2.0,60.4,4,18.4,42.6,Low
STU1587,Female,Social Studies,64.8,3.6,53.7,3,19.7,40.5,Low
STU1588,Female,Science,85.0,5.1,69.8,8,24.1,65.2,Average
STU1589,Female,English,64.7,2.1,85.1,10,25.2,58.0,Average
STU1590,Female,Computer Science,75.9,4.2,36.9,9,21.8,60.4,Average
STU1591,Male,Science,69.3,1.3,66.7,5,17.6,51.5,Average
STU1592,Female,Science,80.7,2.8,62.6,9,24.4,53.4,Average
STU1593,Female,Science,79.0,4.6,75.1,2,29.5,56.3,Average
STU1594,Male,Computer Science,87.5,0.8,68.2,3,32.8,51.6,Average
STU1595,Male,Math,68.9,4.9,53.7,7,23.5,54.3,Average
STU1596,Male,Social Studies,71.8,4.0,60.2,7,24.7,58.2,Average
STU1597,Male,English,63.3,5.1,53.1,6,20.6,53.0,Average
STU1598,Male,Math,69.7,4.4,81.1,6,27.7,64.4,Average
STU1599,Male,English,79.5,6.7,65.3,2,21.2,63.5,Average
STU1446,Female,Science,,5.3,62.2,6,21.2,59.1,Average
STU1404,Female,Social Studies,69.6,5.4,57.8,9,13.0,60.6,Average
STU1509,Female,Math,65.0,7.8,50.4,8,36.4,71.2,Average
STU1455,Female,Computer Science,65.5,2.7,60.6,6,40.2,61.9,Average
STU1201,Female,Science,81.7,3.0,73.0,5,20.0,51.3,Average
