student_id,gender,subject,attendance,study_hours,previous_score,participation,internal_marks,final_score,performance_level,gender_encoded,subject_encoded,attendance_scaled,study_hours_scaled,previous_score_scaled,participation_scaled,internal_marks_scaled
STU1000,Male,English,81.0,5.5,66.9,3,31.4,64.0,Average,1,1,0.6631205673758864,0.5913978494623655,0.5799492385786802,0.2222222222222222,0.5684454756380509
STU1001,Male,Computer Science,73.3,2.2,58.6,1,28.2,49.6,Low,1,0,0.5265957446808509,0.23655913978494622,0.4746192893401016,0.0,0.494199535962877
STU1002,Female,Social Studies,82.8,5.7,66.8,8,22.9,60.4,Average,0,4,0.6950354609929077,0.6129032258064515,0.5786802030456852,0.7777777777777777,0.37122969837587005
STU1003,Male,Science,93.3,6.7,73.1,3,31.9,72.6,Average,1,3,0.8812056737588652,0.7204301075268816,0.6586294416243654,0.2222222222222222,0.5800464037122969
STU1004,Female,English,72.2,4.8,65.7,8,42.4,76.1,High,0,1,0.5070921985815604,0.5161290322580644,0.5647208121827412,0.7777777777777777,0.8236658932714617
STU1005,Male,Computer Science,72.2,7.8,65.6,8,26.5,78.7,High,1,0,0.5070921985815604,0.8387096774193548,0.5634517766497462,0.7777777777777777,0.45475638051044076
STU1006,Female,Computer Science,94.0,2.5,54.5,5,33.8,63.5,Average,0,0,0.8936170212765957,0.26881720430107525,0.42258883248730966,0.4444444444444445,0.6241299303944314
STU1007,Female,Math,84.2,1.5,55.1,1,17.7,42.6,Low,0,2,0.7198581560283688,0.16129032258064513,0.4302030456852792,0.0,0.25058004640371223
STU1008,Male,Math,69.4,0.4,44.0,10,20.3,38.5,Low,1,2,0.45744680851063846,0.04301075268817204,0.2893401015228427,1.0,0.3109048723897912
STU1009,Male,Science,81.5,7.0,91.2,7,31.8,78.6,High,1,3,0.6719858156028369,0.7526881720430106,0.8883248730964466,0.6666666666666665,0.5777262180974477
STU1010,Male,Math,69.4,5.3,46.3,10,39.9,67.3,Average,1,2,0.45744680851063846,0.5698924731182795,0.31852791878172587,1.0,0.7656612529002319
STU1011,Male,Science,69.4,3.9,54.6,5,30.8,57.6,Average,1,3,0.45744680851063846,0.4193548387096774,0.4238578680203046,0.4444444444444445,0.5545243619489559
STU1012,Female,Social Studies,77.9,4.6,54.2,8,25.5,55.7,Average,0,4,0.6081560283687943,0.4946236559139784,0.4187817258883249,0.7777777777777777,0.43155452436194897
STU1013,Female,Science,52.0,1.7,78.4,9,28.0,55.1,Average,0,3,0.14893617021276595,0.18279569892473116,0.7258883248730965,0.8888888888888888,0.4895591647331786
STU1014,Male,Math,54.3,8.9,60.6,7,18.0,62.8,Average,1,2,0.18971631205673745,0.9569892473118279,0.5,0.6666666666666665,0.25754060324825984
STU1015,Male,Social Studies,68.3,4.3,83.7,7,32.8,65.3,Average,1,4,0.4379432624113475,0.4623655913978494,0.7931472081218274,0.6666666666666665,0.6009280742459395
STU1016,Female,Math,62.8,4.2,54.9,1,35.1,52.5,Average,0,2,0.34042553191489344,0.45161290322580644,0.4276649746192894,0.0,0.654292343387471
STU1017,Male,Science,78.8,5.5,69.2,4,24.4,60.6,Average,1,3,0.624113475177305,0.5913978494623655,0.6091370558375635,0.3333333333333333,0.4060324825986078
STU1018,Female,English,64.1,5.0,52.5,2,24.2,52.5,Average,0,1,0.3634751773049645,0.5376344086021505,0.3972081218274112,0.1111111111111111,0.4013921113689095
STU1019,Male,Computer Science,58.1,4.4,97.2,2,30.1,52.5,Average,1,0,0.2570921985815602,0.47311827956989244,0.9644670050761421,0.1111111111111111,0.5382830626450116
STU1020,Female,Math,92.6,2.4,47.2,2,24.5,38.7,Low,0,2,0.8687943262411346,0.2580645161290322,0.32994923857868025,0.1111111111111111,0.40835266821345706
STU1021,Female,Science,72.3,4.9,69.6,4,27.5,59.0,Average,0,3,0.5088652482269502,0.5268817204301075,0.6142131979695431,0.3333333333333333,0.47795823665893267
STU1022,Female,Social Studies,75.8,7.8,74.5,1,44.8,75.7,High,0,4,0.5709219858156027,0.8387096774193548,0.6763959390862944,0.0,0.8793503480278422
STU1023,Female,Math,57.9,6.7,71.2,4,26.0,63.3,Average,0,2,0.2535460992907801,0.7204301075268816,0.6345177664974619,0.3333333333333333,0.4431554524361949
STU1024,Female,Math,68.5,7.2,62.2,2,25.1,58.2,Average,0,2,0.4414893617021276,0.7741935483870968,0.5203045685279188,0.1111111111111111,0.42227378190255216
STU1025,Male,Computer Science,76.3,3.0,63.1,5,22.8,52.6,Average,1,0,0.5797872340425532,0.32258064516129026,0.5317258883248732,0.4444444444444445,0.3689095127610209
STU1026,Female,Science,61.2,2.0,65.7,3,34.0,52.5,Average,0,3,0.3120567375886525,0.2150537634408602,0.5647208121827412,0.2222222222222222,0.62877030162413
STU1027,Male,English,79.5,3.7,62.8,8,26.6,57.8,Average,1,1,0.6365248226950355,0.3978494623655914,0.5279187817258884,0.7777777777777777,0.45707656612529
STU1028,Female,Social Studies,67.8,4.1,79.5,4,22.8,60.6,Average,0,4,0.42907801418439706,0.4408602150537633,0.7398477157360406,0.3333333333333333,0.3689095127610209
STU1029,Female,Science,71.5,6.2,98.2,1,38.6,73.6,Average,0,3,0.49468085106382986,0.6666666666666666,0.9771573604060915,0.0,0.7354988399071926
STU1030,Male,Social Studies,67.8,0.6,56.6,1,39.4,50.0,Average,1,4,0.42907801418439706,0.06451612903225805,0.44923857868020306,0.0,0.754060324825986
STU1031,Male,Math,97.2,7.1,44.5,10,23.2,69.4,Average,1,2,0.950354609929078,0.7634408602150536,0.29568527918781723,1.0,0.3781902552204176
STU1032,Male,Computer Science,74.8,3.7,63.7,3,13.1,54.7,Average,1,0,0.553191489361702,0.3978494623655914,0.5393401015228427,0.2222222222222222,0.14385150812064962
STU1033,Male,Computer Science,62.3,3.1,100.0,9,36.1,73.0,Average,1,0,0.3315602836879432,0.3333333333333333,1.0,0.8888888888888888,0.6774941995359629
STU1034,Female,English,84.9,2.0,52.9,7,22.5,49.2,Low,0,1,0.7322695035460993,0.2150537634408602,0.4022842639593908,0.6666666666666665,0.36194895591647325
STU1035,Male,Computer Science,60.3,0.7,89.6,2,34.3,55.6,Average,1,0,0.29609929078014185,0.07526881720430106,0.8680203045685277,0.1111111111111111,0.6357308584686774
STU1036,Female,Math,77.5,5.6,90.2,9,12.2,58.4,Average,0,2,0.6010638297872339,0.6021505376344085,0.8756345177664975,0.8888888888888888,0.12296983758700691
STU1037,Male,English,51.5,4.1,56.7,10,35.1,63.4,Average,1,1,0.1400709219858155,0.4408602150537633,0.450507614213198,1.0,0.654292343387471
STU1038,Male,Science,59.1,1.4,73.5,2,18.3,43.0,Low,1,3,0.2748226950354611,0.15053763440860213,0.6637055837563453,0.1111111111111111,0.26450116009280744
STU1039,Female,Computer Science,77.4,1.4,89.4,3,33.8,58.5,Average,0,0,0.5992907801418441,0.15053763440860213,0.8654822335025381,0.2222222222222222,0.6241299303944314
STU1040,Female,English,83.9,3.3,59.3,10,28.1,61.2,Average,0,1,0.7145390070921986,0.3548387096774193,0.48350253807106597,1.0,0.4918793503480279
STU1041,Male,Math,77.1,7.3,61.9,2,20.4,56.0,Average,1,2,0.5939716312056735,0.7849462365591396,0.516497461928934,0.1111111111111111,0.3132250580046403
STU1042,Female,Social Studies,73.6,3.5,56.3,3,24.7,48.0,Low,0,4,0.531914893617021,0.3763440860215053,0.4454314720812183,0.2222222222222222,0.41299303944315535
STU1043,Female,Social Studies,71.4,1.0,49.8,6,33.5,50.8,Average,0,4,0.4929078014184398,0.1075268817204301,0.3629441624365482,0.5555555555555556,0.617169373549884
STU1044,Female,Math,57.3,3.5,55.3,9,28.8,53.0,Average,0,2,0.2429078014184396,0.3763440860215053,0.432741116751269,0.8888888888888888,0.5081206496519721
STU1045,Female,Math,66.4,3.5,46.6,9,32.7,65.6,Average,0,2,0.4042553191489362,0.3763440860215053,0.32233502538071074,0.8888888888888888,0.5986078886310905
STU1046,Female,Social Studies,69.5,0.0,65.5,7,43.8,47.8,Low,0,4,0.4592198581560283,0.0,0.5621827411167513,0.6666666666666665,0.8561484918793503
STU1047,Female,English,87.7,3.9,53.5,3,15.5,47.3,Low,0,1,0.7819148936170213,0.4193548387096774,0.40989847715736044,0.2222222222222222,0.19953596287703013
STU1048,Female,Social Studies,79.1,3.5,68.5,4,40.9,65.1,Average,0,4,0.6294326241134751,0.3763440860215053,0.600253807106599,0.3333333333333333,0.7888631090487238
STU1049,Female,Math,53.8,5.4,41.7,6,28.8,57.6,Average,0,2,0.1808510638297871,0.5806451612903225,0.2601522842639595,0.5555555555555556,0.5081206496519721
STU1050,Male,Computer Science,78.9,7.7,70.0,5,20.8,63.2,Average,1,0,0.625886524822695,0.8279569892473118,0.6192893401015229,0.4444444444444445,0.3225058004640371
STU1051,Female,Science,70.4,6.3,77.5,2,17.4,62.0,Average,0,3,0.47517730496453914,0.6774193548387096,0.7144670050761421,0.1111111111111111,0.24361948955916468
STU1052,Male,Computer Science,66.9,3.5,35.1,6,26.5,44.4,Low,1,0,0.41312056737588665,0.3763440860215053,0.17639593908629447,0.5555555555555556,0.45475638051044076
STU1053,Female,Computer Science,82.3,1.8,70.6,3,35.4,54.5,Average,0,0,0.6861702127659575,0.1935483870967742,0.6269035532994924,0.2222222222222222,0.6612529002320184
STU1054,Female,Math,87.4,9.1,83.4,8,27.0,84.0,High,0,2,0.7765957446808511,0.9784946236559138,0.7893401015228427,0.7777777777777777,0.4663573085846867
STU1055,Female,Social Studies,86.2,4.1,46.9,2,40.1,64.0,Average,0,4,0.7553191489361704,0.4408602150537633,0.3261421319796954,0.1111111111111111,0.7703016241299304
STU1056,Female,English,64.9,4.0,90.1,1,16.4,46.2,Low,0,1,0.37765957446808507,0.4301075268817204,0.8743654822335025,0.0,0.22041763341067278
STU1057,Male,Computer Science,71.3,4.0,71.3,9,27.9,73.7,Average,1,0,0.49113475177304955,0.4301075268817204,0.6357868020304569,0.8888888888888888,0.48723897911832936
STU1058,Male,Social Studies,79.0,4.4,54.4,3,18.0,46.8,Low,1,4,0.6276595744680851,0.47311827956989244,0.4213197969543147,0.2222222222222222,0.25754060324825984
STU1059,Female,English,86.7,3.7,64.2,1,30.9,51.6,Average,0,1,0.7641843971631206,0.3978494623655914,0.5456852791878173,0.0,0.5568445475638051
STU1060,Male,Computer Science,69.2,2.9,73.4,7,35.1,64.5,Average,1,0,0.45390070921985815,0.31182795698924726,0.6624365482233503,0.6666666666666665,0.654292343387471
STU1061,Female,English,72.8,2.9,66.1,10,24.6,57.8,Average,0,1,0.5177304964539007,0.31182795698924726,0.5697969543147208,1.0,0.4106728538283063
STU1062,Female,Social Studies,61.7,3.9,73.1,5,7.2,44.4,Low,0,4,0.32092198581560294,0.4193548387096774,0.6586294416243654,0.4444444444444445,0.00696055684454755
STU1063,Male,Science,74.67350427350428,2.9,51.2,5,29.6,53.3,Average,1,3,0.5509486573316362,0.31182795698924726,0.38071065989847724,0.4444444444444445,0.5266821345707656
STU1064,Male,Social Studies,84.8,2.6,67.5,1,31.5,48.4,Low,1,4,0.730496453900709,0.27956989247311825,0.5875634517766497,0.0,0.5707656612529002
STU1065,Female,Math,91.3,4.2,43.8,9,31.2,57.0,Average,0,2,0.8457446808510638,0.45161290322580644,0.28680203045685276,0.8888888888888888,0.5638051044083526
STU1066,Female,English,74.1,3.5,63.3,7,37.9,62.2,Average,0,1,0.5407801418439715,0.3763440860215053,0.5342639593908629,0.6666666666666665,0.7192575406032482
STU1067,Male,Science,87.0,7.0,51.4,8,19.4,68.5,Average,1,3,0.7695035460992907,0.7526881720430106,0.38324873096446704,0.7777777777777777,0.29002320185614844
STU1068,Female,English,79.3,0.0,54.0,9,33.4,51.0,Average,0,1,0.6329787234042552,0.0,0.416243654822335,0.8888888888888888,0.6148491879350347
STU1069,Male,English,67.3,6.2,83.5,6,37.5,80.1,High,1,1,0.42021276595744683,0.6666666666666666,0.7906091370558375,0.5555555555555556,0.7099767981438515
STU1070,Female,Computer Science,79.3,6.5,81.4,5,13.8,66.4,Average,0,0,0.6329787234042552,0.6989247311827956,0.7639593908629443,0.4444444444444445,0.16009280742459397
STU1071,Female,Math,93.5,0.0,74.1,6,30.6,55.8,Average,0,2,0.8847517730496455,0.0,0.6713197969543148,0.5555555555555556,0.5498839907192575
STU1072,Male,English,74.6,3.3,48.6,2,24.0,48.6,Low,1,1,0.549645390070922,0.3548387096774193,0.3477157360406092,0.1111111111111111,0.3967517401392111
STU1073,Male,Social Studies,93.8,3.3,60.3,4,27.3,58.0,Average,1,4,0.8900709219858156,0.3548387096774193,0.4961928934010152,0.3333333333333333,0.4733178654292344
STU1074,Male,Social Studies,43.6,1.2,83.2,3,30.8,49.7,Low,1,4,0.0,0.1290322580645161,0.7868020304568528,0.2222222222222222,0.5545243619489559
STU1075,Female,Computer Science,84.9,2.4,67.1,7,24.1,54.8,Average,0,0,0.7322695035460993,0.2580645161290322,0.5824873096446701,0.6666666666666665,0.39907192575406036
STU1076,Female,Math,76.0,1.8,99.8,9,22.6,60.7,Average,0,2,0.574468085106383,0.1935483870967742,0.9974619289340101,0.8888888888888888,0.3642691415313225
STU1077,Female,Math,71.4,7.5,70.9,5,28.3,65.3,Average,0,2,0.4929078014184398,0.8064516129032258,0.6307106598984773,0.4444444444444445,0.49651972157772617
STU1078,Female,Social Studies,74.67350427350428,5.9,67.9,6,19.3,52.7,Average,0,4,0.5509486573316362,0.6344086021505376,0.5926395939086295,0.5555555555555556,0.2877030162412993
STU1079,Male,Science,51.1,6.5,60.4,10,19.3,65.7,Average,1,3,0.13297872340425532,0.6989247311827956,0.49746192893401014,1.0,0.2877030162412993
STU1080,Female,Computer Science,72.4,5.4,67.0,2,33.4,62.8,Average,0,0,0.5106382978723405,0.5806451612903225,0.5812182741116751,0.1111111111111111,0.6148491879350347
STU1081,Female,Computer Science,79.3,1.7,62.7,3,18.8,44.9,Low,0,0,0.6329787234042552,0.18279569892473116,0.5266497461928934,0.2222222222222222,0.27610208816705334
STU1082,Female,Social Studies,92.7,3.0,75.6,3,33.3,63.1,Average,0,4,0.8705673758865249,0.32258064516129026,0.6903553299492384,0.2222222222222222,0.6125290023201855
STU1083,Male,Social Studies,68.8,5.0,79.4,9,31.7,67.0,Average,1,4,0.44680851063829774,0.5376344086021505,0.7385786802030456,0.8888888888888888,0.5754060324825986
STU1084,Female,Science,65.3,1.6,53.2,7,14.2,38.4,Low,0,3,0.38475177304964525,0.17204301075268816,0.4060913705583757,0.6666666666666665,0.16937354988399067
STU1085,Female,Science,69.0,5.4,45.0,8,22.6,56.5,Average,0,3,0.45035460992907805,0.5806451612903225,0.3020304568527919,0.7777777777777777,0.3642691415313225
STU1086,Male,Math,86.0,3.5,37.5,10,37.6,69.0,Average,1,2,0.75177304964539,0.3763440860215053,0.20685279187817263,1.0,0.7122969837587007
STU1087,Female,Computer Science,78.9,3.3,72.6,9,20.2,54.6,Average,0,0,0.625886524822695,0.3548387096774193,0.6522842639593909,0.8888888888888888,0.30858468677494194
STU1088,Female,Computer Science,68.6,5.4,48.4,6,24.3,47.1,Low,0,0,0.44326241134751765,0.5806451612903225,0.34517766497461927,0.5555555555555556,0.40371229698375866
STU1089,Male,Social Studies,81.2,4.9,32.7,4,31.7,54.0,Average,1,4,0.6666666666666667,0.5268817204301075,0.14593908629441632,0.3333333333333333,0.5754060324825986
STU1090,Female,Math,76.2,3.3,70.8,1,34.3,61.4,Average,0,2,0.5780141843971631,0.3548387096774193,0.6294416243654821,0.0,0.6357308584686774
STU1091,Female,Computer Science,86.6,6.3,100.0,8,26.0,70.3,Average,0,0,0.7624113475177303,0.6774193548387096,1.0,0.7777777777777777,0.4431554524361949
STU1092,Female,Math,66.6,1.8,64.9,7,23.2,46.2,Low,0,2,0.4078014184397163,0.1935483870967742,0.5545685279187818,0.6666666666666665,0.3781902552204176
STU1093,Male,Math,71.1,5.2,77.6,2,39.4,68.1,Average,1,2,0.48758865248226946,0.5591397849462365,0.7157360406091371,0.1111111111111111,0.754060324825986
STU1094,Female,Social Studies,70.3,5.2,66.2,8,41.9,82.3,High,0,4,0.47340425531914887,0.5591397849462365,0.5710659898477157,0.7777777777777777,0.8120649651972157
STU1095,Female,Math,57.4,3.4,63.5,5,35.8,53.1,Average,0,2,0.24468085106382964,0.3655913978494623,0.5368020304568528,0.4444444444444445,0.6705336426914152
STU1096,Male,Science,78.6,4.7,78.8,7,28.7,61.5,Average,1,3,0.6205673758865247,0.5053763440860215,0.7309644670050761,0.6666666666666665,0.5058004640371229
STU1097,Male,Science,78.1,1.5,60.6,4,21.5,47.5,Low,1,3,0.6117021276595744,0.16129032258064513,0.5,0.3333333333333333,0.3387470997679814
STU1098,Female,English,75.1,5.8,69.0,5,21.4,65.3,Average,0,1,0.5585106382978722,0.6236559139784945,0.6065989847715736,0.4444444444444445,0.3364269141531322
STU1099,Female,Social Studies,72.2,3.6,69.8,8,32.2,61.4,Average,0,4,0.5070921985815604,0.3870967741935484,0.616751269035533,0.7777777777777777,0.5870069605568445
STU1100,Female,English,58.0,3.0,55.0,1,31.3,42.2,Low,0,1,0.25531914893617014,0.32258064516129026,0.42893401015228433,0.0,0.5661252900232019
STU1101,Female,Science,70.0,6.1,79.9,1,39.2,70.4,Average,0,3,0.46808510638297873,0.6559139784946235,0.7449238578680204,0.0,0.7494199535962878
STU1102,Male,English,70.9,2.6,62.4,4,33.2,57.5,Average,1,1,0.48404255319148937,0.27956989247311825,0.5228426395939085,0.3333333333333333,0.6102088167053364
STU1103,Female,Social Studies,65.4,1.2,53.7,3,16.0,44.4,Low,0,4,0.3865248226950355,0.1290322580645161,0.41243654822335035,0.2222222222222222,0.21113689095127608
STU1104,Male,Social Studies,73.1,0.9,73.0,10,36.4,64.1,Average,1,4,0.5230496453900708,0.0967741935483871,0.6573604060913705,1.0,0.6844547563805103
STU1105,Male,Math,79.8,5.2,51.5,2,20.0,55.0,Average,1,2,0.6418439716312057,0.5591397849462365,0.384517766497462,0.1111111111111111,0.3039443155452436
STU1106,Female,Computer Science,97.6,1.4,65.4,3,24.9,49.9,Low,0,0,0.9574468085106382,0.15053763440860213,0.5609137055837565,0.2222222222222222,0.41763341067285376
STU1107,Female,Math,77.1,7.5,64.9,1,30.0,74.5,Average,0,2,0.5939716312056735,0.8064516129032258,0.5545685279187818,0.0,0.5359628770301623
STU1108,Male,Social Studies,78.1,0.0,81.3,1,44.0,54.4,Average,1,4,0.6117021276595744,0.0,0.7626903553299491,0.0,0.8607888631090486
STU1109,Male,Science,74.1,7.4,72.1,6,50.0,80.7,High,1,3,0.5407801418439715,0.7956989247311828,0.6459390862944161,0.5555555555555556,1.0
STU1110,Female,Science,52.0,4.4,64.6,5,32.9,65.5,Average,0,3,0.14893617021276595,0.47311827956989244,0.5507614213197969,0.4444444444444445,0.6032482598607888
STU1111,Male,Math,74.7,3.8,77.3,8,26.5,57.6,Average,1,2,0.551418439716312,0.4086021505376343,0.7119289340101522,0.7777777777777777,0.45475638051044076
STU1112,Female,Social Studies,75.7,2.9,85.9,2,32.3,52.3,Average,0,4,0.5691489361702129,0.31182795698924726,0.8210659898477157,0.1111111111111111,0.5893271461716937
STU1113,Female,Science,100.0,4.8,73.4,4,35.1,69.9,Average,0,3,1.0,0.5161290322580644,0.6624365482233503,0.3333333333333333,0.654292343387471
STU1114,Male,Social Studies,72.7,3.9,65.2,8,25.4,59.9,Average,1,4,0.5159574468085106,0.4193548387096774,0.5583756345177666,0.7777777777777777,0.4292343387470997
STU1115,Male,Science,78.6,6.2,45.3,6,42.4,69.4,Average,1,3,0.6205673758865247,0.6666666666666666,0.30583756345177665,0.5555555555555556,0.8236658932714617
STU1116,Female,Social Studies,74.6,4.2,49.0,1,29.8,55.8,Average,0,4,0.549645390070922,0.45161290322580644,0.3527918781725889,0.0,0.531322505800464
STU1117,Male,English,61.0,4.3,60.4,4,32.0,53.9,Average,1,1,0.3085106382978724,0.4623655913978494,0.49746192893401014,0.3333333333333333,0.5823665893271461
STU1118,Female,Social Studies,88.7,3.3,55.9,1,33.3,55.5,Average,0,4,0.799645390070922,0.3548387096774193,0.4403553299492386,0.0,0.6125290023201855
STU1119,Female,Social Studies,84.0,3.9,62.2,2,31.4,56.3,Average,0,4,0.7163120567375887,0.4193548387096774,0.5203045685279188,0.1111111111111111,0.5684454756380509
STU1120,Female,Math,84.5,4.6,65.8,5,34.7,62.3,Average,0,2,0.7251773049645389,0.4946236559139784,0.5659898477157361,0.4444444444444445,0.6450116009280743
STU1121,Male,English,64.1,0.6,72.9,8,23.1,49.4,Low,1,1,0.3634751773049645,0.06451612903225805,0.6560913705583757,0.7777777777777777,0.37587006960556846
STU1122,Female,Computer Science,91.8,1.3,63.9,8,23.5,57.4,Average,0,0,0.854609929078014,0.13978494623655913,0.5418781725888324,0.7777777777777777,0.38515081206496515
STU1123,Female,Math,58.2,5.5,72.3,3,19.2,62.5,Average,0,2,0.25886524822695045,0.5913978494623655,0.648477157360406,0.2222222222222222,0.2853828306264501
STU1124,Female,Computer Science,82.0,4.3,66.0,4,31.5,63.7,Average,0,0,0.6808510638297873,0.4623655913978494,0.5685279187817258,0.3333333333333333,0.5707656612529002
STU1125,Female,Science,100.0,3.6,35.4,10,34.2,54.6,Average,0,3,1.0,0.3870967741935484,0.18020304568527917,1.0,0.6334106728538283
STU1126,Female,Computer Science,63.1,4.0,50.9,6,31.7,56.7,Average,0,0,0.3457446808510638,0.4301075268817204,0.3769035532994924,0.5555555555555556,0.5754060324825986
STU1127,Female,Social Studies,68.2,4.7,62.8,10,41.4,72.3,Average,0,4,0.43617021276595747,0.5053763440860215,0.5279187817258884,1.0,0.8004640371229698
STU1128,Female,Computer Science,76.2,2.9,46.9,3,28.0,53.0,Average,0,0,0.5780141843971631,0.31182795698924726,0.3261421319796954,0.2222222222222222,0.4895591647331786
STU1129,Female,Math,69.0,2.4,74.0,2,33.3,55.4,Average,0,2,0.45035460992907805,0.2580645161290322,0.6700507614213198,0.1111111111111111,0.6125290023201855
STU1130,Female,Math,56.4,4.4,88.0,6,19.3,62.7,Average,0,2,0.22695035460992896,0.47311827956989244,0.8477157360406091,0.5555555555555556,0.2877030162412993
STU1131,Female,Computer Science,75.8,2.0,83.3,5,24.9,56.8,Average,0,0,0.5709219858156027,0.2150537634408602,0.7880710659898476,0.4444444444444445,0.41763341067285376
STU1132,Female,Math,62.3,4.8,61.8,10,33.6,72.7,Average,0,2,0.3315602836879432,0.5161290322580644,0.515228426395939,1.0,0.6194895591647331
STU1133,Male,Math,80.7,0.6,87.4,5,34.8,57.0,Average,1,2,0.6578014184397163,0.06451612903225805,0.8401015228426396,0.4444444444444445,0.6473317865429233
STU1134,Female,Computer Science,64.0,6.1,67.2,10,25.6,68.0,Average,0,0,0.36170212765957444,0.6559139784946235,0.5837563451776651,1.0,0.4338747099767981
STU1135,Female,English,93.6,4.9,59.9,5,27.4,65.6,Average,0,1,0.8865248226950353,0.5268817204301075,0.4911167512690355,0.4444444444444445,0.4756380510440834
STU1136,Female,English,65.6,4.5,55.8,10,15.9,53.2,Average,0,1,0.3900709219858154,0.48387096774193544,0.43908629441624364,1.0,0.20881670533642688
STU1137,Male,Science,71.1,6.0,60.5,5,25.1,58.0,Average,1,3,0.48758865248226946,0.6451612903225805,0.4987309644670051,0.4444444444444445,0.42227378190255216
STU1138,Female,Math,74.67350427350428,7.3,59.2,3,35.1,67.5,Average,0,2,0.5509486573316362,0.7849462365591396,0.4822335025380711,0.2222222222222222,0.654292343387471
STU1139,Male,Computer Science,60.2,6.0,67.6,7,32.6,64.5,Average,1,0,0.2943262411347518,0.6451612903225805,0.5888324873096447,0.6666666666666665,0.5962877030162413
STU1140,Female,Math,77.7,0.3,67.4,6,32.0,54.4,Average,0,2,0.6046099290780143,0.032258064516129024,0.586294416243655,0.5555555555555556,0.5823665893271461
STU1141,Female,Social Studies,90.7,1.4,65.0,4,28.4,45.9,Low,0,4,0.8351063829787235,0.15053763440860213,0.5558375634517767,0.3333333333333333,0.4988399071925753
STU1142,Male,Math,55.7,2.8,71.6,2,28.1,44.5,Low,1,2,0.21453900709219864,0.30107526881720426,0.6395939086294415,0.1111111111111111,0.4918793503480279
STU1143,Female,Math,77.2,4.1,82.9,9,22.7,71.6,Average,0,2,0.5957446808510638,0.4408602150537633,0.782994923857868,0.8888888888888888,0.36658932714617165
STU1144,Male,English,78.1,5.0,79.2,1,33.6,60.9,Average,1,1,0.6117021276595744,0.5376344086021505,0.7360406091370559,0.0,0.6194895591647331
STU1145,Male,Computer Science,84.4,2.5,42.7,4,31.4,52.5,Average,1,0,0.7234042553191491,0.26881720430107525,0.2728426395939087,0.3333333333333333,0.5684454756380509
STU1146,Female,Math,60.2,4.4,26.7,1,31.9,41.1,Low,0,2,0.2943262411347518,0.47311827956989244,0.06979695431472083,0.0,0.5800464037122969
STU1147,Female,English,59.2,2.5,79.0,6,23.8,54.1,Average,0,1,0.27659574468085113,0.26881720430107525,0.733502538071066,0.5555555555555556,0.3921113689095127
STU1148,Female,Science,81.3,2.8,44.5,4,10.8,38.2,Low,0,3,0.6684397163120568,0.30107526881720426,0.29568527918781723,0.3333333333333333,0.09048723897911831
STU1149,Female,English,78.6,1.2,61.6,5,36.8,49.6,Low,0,1,0.6205673758865247,0.1290322580645161,0.5126903553299493,0.4444444444444445,0.693735498839907
STU1150,Male,English,78.0,2.2,47.4,5,24.2,53.0,Average,1,1,0.6099290780141844,0.23655913978494622,0.33248730964467005,0.4444444444444445,0.4013921113689095
STU1151,Male,English,79.2,1.3,38.0,9,21.1,50.8,Average,1,1,0.6312056737588654,0.13978494623655913,0.21319796954314724,0.8888888888888888,0.3294663573085847
STU1152,Female,Math,66.8,2.0,73.1,1,33.5,51.6,Average,0,2,0.4113475177304964,0.2150537634408602,0.6586294416243654,0.0,0.617169373549884
STU1153,Male,Math,77.8,6.1,76.4,2,24.9,66.0,Average,1,2,0.6063829787234043,0.6559139784946235,0.7005076142131981,0.1111111111111111,0.41763341067285376
STU1154,Male,Science,78.5,2.1,56.4,6,36.5,64.9,Average,1,3,0.6187943262411348,0.22580645161290322,0.44670050761421315,0.5555555555555556,0.6867749419953596
STU1155,Female,Social Studies,66.4,9.3,26.1,5,32.9,69.2,Average,0,4,0.4042553191489362,1.0,0.06218274111675132,0.4444444444444445,0.6032482598607888
STU1156,Male,Social Studies,97.4,5.0,56.8,7,33.5,70.2,Average,1,4,0.9539007092198584,0.5376344086021505,0.45177664974619286,0.6666666666666665,0.617169373549884
STU1157,Male,Social Studies,80.7,4.4,70.9,3,17.1,54.2,Average,1,4,0.6578014184397163,0.47311827956989244,0.6307106598984773,0.2222222222222222,0.2366589327146172
STU1158,Female,Science,60.7,2.3,42.8,3,37.7,52.3,Average,0,3,0.30319148936170204,0.2473118279569892,0.27411167512690354,0.2222222222222222,0.7146171693735499
STU1159,Male,Social Studies,82.9,5.4,67.8,10,30.1,69.8,Average,1,4,0.696808510638298,0.5806451612903225,0.5913705583756346,1.0,0.5382830626450116
STU1160,Female,Social Studies,63.3,2.8,64.8,2,25.0,47.2,Low,0,4,0.3492907801418439,0.30107526881720426,0.5532994923857868,0.1111111111111111,0.419953596287703
STU1161,Male,English,84.4,4.2,73.7,3,29.1,62.6,Average,1,1,0.7234042553191491,0.45161290322580644,0.6662436548223352,0.2222222222222222,0.5150812064965197
STU1162,Female,Math,88.9,9.1,66.8,10,13.8,71.3,Average,0,2,0.8031914893617023,0.9784946236559138,0.5786802030456852,1.0,0.16009280742459397
STU1163,Male,Math,65.2,3.8,50.4,1,31.3,49.3,Low,1,2,0.38297872340425543,0.4086021505376343,0.3705583756345178,0.0,0.5661252900232019
STU1164,Male,English,86.6,6.3,82.9,5,19.8,66.1,Average,1,1,0.7624113475177303,0.6774193548387096,0.782994923857868,0.4444444444444445,0.29930394431554525
STU1165,Female,English,80.0,2.6,62.6,5,17.2,53.1,Average,0,1,0.6453900709219857,0.27956989247311825,0.5253807106598984,0.4444444444444445,0.23897911832946633
STU1166,Female,English,84.9,3.9,64.6,7,15.8,50.9,Average,0,1,0.7322695035460993,0.4193548387096774,0.5507614213197969,0.6666666666666665,0.20649651972157773
STU1167,Female,Math,97.8,7.5,51.0,4,36.9,75.6,High,0,2,0.9609929078014183,0.8064516129032258,0.37817258883248733,0.3333333333333333,0.6960556844547563
STU1168,Female,Social Studies,72.1,2.7,58.4,3,23.0,50.9,Average,0,4,0.5053191489361701,0.29032258064516125,0.4720812182741117,0.2222222222222222,0.3735498839907192
STU1169,Male,English,66.0,7.6,51.7,1,40.3,69.7,Average,1,1,0.3971631205673758,0.8172043010752686,0.3870558375634518,0.0,0.7749419953596287
STU1170,Male,Science,64.3,5.4,62.4,8,23.7,58.2,Average,1,3,0.36702127659574457,0.5806451612903225,0.5228426395939085,0.7777777777777777,0.38979118329466356
STU1171,Male,English,65.2,2.9,90.7,3,14.3,43.3,Low,1,1,0.38297872340425543,0.31182795698924726,0.881979695431472,0.2222222222222222,0.17169373549883993
STU1172,Female,Computer Science,74.67350427350428,5.3,44.4,2,19.1,51.3,Average,0,0,0.5509486573316362,0.5698924731182795,0.2944162436548224,0.1111111111111111,0.28306264501160094
STU1173,Male,English,79.1,5.9,40.8,4,37.9,64.4,Average,1,1,0.6294326241134751,0.6344086021505376,0.2487309644670051,0.3333333333333333,0.7192575406032482
STU1174,Male,Math,78.3,5.2,87.1,3,26.8,68.1,Average,1,2,0.6152482269503545,0.5591397849462365,0.8362944162436547,0.2222222222222222,0.4617169373549884
STU1175,Female,English,84.9,0.9,61.9,1,23.6,41.1,Low,0,1,0.7322695035460993,0.0967741935483871,0.516497461928934,0.0,0.3874709976798144
STU1176,Female,Computer Science,75.2,2.5,55.0,3,29.3,53.5,Average,0,0,0.5602836879432624,0.26881720430107525,0.42893401015228433,0.2222222222222222,0.5197215777262181
STU1177,Male,Science,92.4,3.5,80.6,2,32.0,66.1,Average,1,3,0.8652482269503547,0.3763440860215053,0.7538071065989846,0.1111111111111111,0.5823665893271461
STU1178,Female,Social Studies,71.8,3.9,55.9,8,36.9,63.8,Average,0,4,0.5,0.4193548387096774,0.4403553299492386,0.7777777777777777,0.6960556844547563
STU1179,Male,English,100.0,5.2,92.4,6,39.6,81.1,High,1,1,1.0,0.5591397849462365,0.9035532994923858,0.5555555555555556,0.7587006960556845
STU1180,Male,Computer Science,82.5,4.4,75.2,9,25.1,67.4,Average,1,0,0.6897163120567376,0.47311827956989244,0.6852791878172588,0.8888888888888888,0.42227378190255216
STU1181,Female,Computer Science,64.7,1.3,57.7,8,17.4,42.1,Low,0,0,0.374113475177305,0.13978494623655913,0.46319796954314724,0.7777777777777777,0.24361948955916468
STU1182,Male,Science,62.1,4.8,97.4,10,24.7,71.6,Average,1,3,0.3280141843971631,0.5161290322580644,0.967005076142132,1.0,0.41299303944315535
STU1183,Female,Math,80.8,5.2,55.9,3,30.1,65.9,Average,0,2,0.6595744680851063,0.5591397849462365,0.4403553299492386,0.2222222222222222,0.5382830626450116
STU1184,Female,English,72.3,5.1,76.1,5,20.3,59.4,Average,0,1,0.5088652482269502,0.5483870967741934,0.6967005076142132,0.4444444444444445,0.3109048723897912
STU1185,Male,Computer Science,83.6,6.2,69.5,7,20.3,59.5,Average,1,0,0.7092198581560283,0.6666666666666666,0.6129441624365481,0.6666666666666665,0.3109048723897912
STU1186,Male,Science,80.7,5.7,84.5,5,30.8,67.5,Average,1,3,0.6578014184397163,0.6129032258064515,0.8032994923857868,0.4444444444444445,0.5545243619489559
STU1187,Male,Social Studies,74.1,4.9,88.4,8,27.6,62.5,Average,1,4,0.5407801418439715,0.5268817204301075,0.852791878172589,0.7777777777777777,0.4802784222737819
STU1188,Female,Computer Science,64.8,3.9,65.5,5,28.3,61.8,Average,0,0,0.375886524822695,0.4193548387096774,0.5621827411167513,0.4444444444444445,0.49651972157772617
STU1189,Male,Science,56.8,0.7,53.7,1,21.9,38.9,Low,1,3,0.23404255319148937,0.07526881720430106,0.41243654822335035,0.0,0.34802784222737815
STU1190,Female,Math,69.6,4.9,71.9,5,26.2,58.9,Average,0,2,0.46099290780141833,0.5268817204301075,0.6434010152284264,0.4444444444444445,0.4477958236658932
STU1191,Female,Math,85.3,4.4,54.8,4,20.6,48.5,Low,0,2,0.7393617021276595,0.47311827956989244,0.4263959390862944,0.3333333333333333,0.31786542923433875
STU1192,Male,Computer Science,77.6,4.5,95.2,6,35.1,69.0,Average,1,0,0.602836879432624,0.48387096774193544,0.9390862944162437,0.5555555555555556,0.654292343387471
STU1193,Female,Computer Science,60.1,1.4,67.0,3,36.3,49.4,Low,0,0,0.29255319148936176,0.15053763440860213,0.5812182741116751,0.2222222222222222,0.6821345707656612
STU1194,Male,English,77.1,1.8,59.5,5,13.2,43.6,Low,1,1,0.5939716312056735,0.1935483870967742,0.4860406091370559,0.4444444444444445,0.14617169373549882
STU1195,Male,Science,79.6,6.1,67.8,2,20.6,58.5,Average,1,3,0.6382978723404253,0.6559139784946235,0.5913705583756346,0.1111111111111111,0.31786542923433875
STU1196,Male,Computer Science,64.4,3.9,44.8,6,16.0,51.6,Average,1,0,0.36879432624113484,0.4193548387096774,0.299492385786802,0.5555555555555556,0.21113689095127608
STU1197,Male,English,76.8,5.4,50.4,6,22.8,55.2,Average,1,1,0.5886524822695034,0.5806451612903225,0.3705583756345178,0.5555555555555556,0.3689095127610209
STU1198,Male,English,75.7,4.1,83.0,5,27.3,56.8,Average,1,1,0.5691489361702129,0.4408602150537633,0.7842639593908629,0.4444444444444445,0.4733178654292344
STU1199,Male,Computer Science,61.3,4.1,55.1,6,16.4,44.8,Low,1,0,0.31382978723404253,0.4408602150537633,0.4302030456852792,0.5555555555555556,0.22041763341067278
STU1200,Male,Math,79.3,5.9,49.3,7,20.6,59.1,Average,1,2,0.6329787234042552,0.6344086021505376,0.35659898477157354,0.6666666666666665,0.31786542923433875
STU1201,Female,Science,81.7,3.0,73.0,5,20.0,51.3,Average,0,3,0.675531914893617,0.32258064516129026,0.6573604060913705,0.4444444444444445,0.3039443155452436
STU1202,Male,Science,88.0,4.2,82.8,1,29.7,60.4,Average,1,3,0.7872340425531914,0.45161290322580644,0.781725888324873,0.0,0.5290023201856148
STU1203,Female,Math,87.6,3.1,75.8,8,28.6,62.4,Average,0,2,0.780141843971631,0.3333333333333333,0.6928934010152283,0.7777777777777777,0.5034802784222738
STU1204,Female,Computer Science,58.5,3.1,79.9,4,22.2,56.0,Average,0,0,0.2641843971631206,0.3333333333333333,0.7449238578680204,0.3333333333333333,0.3549883990719257
STU1205,Female,Science,63.7,3.4,53.6,9,29.4,55.7,Average,0,3,0.3563829787234043,0.3655913978494623,0.4111675126903554,0.8888888888888888,0.5220417633410672
STU1206,Male,Computer Science,81.2,4.4,43.7,10,23.6,57.7,Average,1,0,0.6666666666666667,0.47311827956989244,0.2855329949238579,1.0,0.3874709976798144
STU1207,Female,Computer Science,81.2,3.0,87.5,6,25.8,64.2,Average,0,0,0.6666666666666667,0.32258064516129026,0.8413705583756346,0.5555555555555556,0.4385150812064965
STU1208,Female,English,81.2,6.5,60.2,1,41.4,66.4,Average,0,1,0.6666666666666667,0.6989247311827956,0.49492385786802034,0.0,0.8004640371229698
STU1209,Male,Math,100.0,2.2,61.2,3,38.7,61.9,Average,1,2,1.0,0.23655913978494622,0.5076142131979695,0.2222222222222222,0.7378190255220418
STU1210,Male,Computer Science,81.9,3.6,84.9,3,17.6,56.0,Average,1,0,0.6790780141843973,0.3870967741935484,0.8083756345177666,0.2222222222222222,0.24825986078886314
STU1211,Female,Social Studies,88.6,3.1,73.3,10,34.6,69.8,Average,0,4,0.7978723404255319,0.3333333333333333,0.6611675126903553,1.0,0.642691415313225
STU1212,Male,Math,86.4,6.9,71.8,4,34.5,68.3,Average,1,2,0.7588652482269505,0.7419354838709677,0.6421319796954315,0.3333333333333333,0.6403712296983758
STU1213,Male,Science,82.8,4.4,97.5,6,18.8,68.6,Average,1,3,0.6950354609929077,0.47311827956989244,0.9682741116751268,0.5555555555555556,0.27610208816705334
STU1214,Male,English,71.2,6.1,55.3,7,34.6,76.0,High,1,1,0.4893617021276595,0.6559139784946235,0.432741116751269,0.6666666666666665,0.642691415313225
STU1215,Male,Science,84.1,1.0,78.9,10,40.3,67.2,Average,1,3,0.7180851063829785,0.1075268817204301,0.7322335025380711,1.0,0.7749419953596287
STU1216,Female,Science,65.7,4.5,65.9,4,19.0,48.6,Low,0,3,0.39184397163120566,0.48387096774193544,0.5672588832487311,0.3333333333333333,0.2807424593967517
STU1217,Male,Math,72.2,5.8,69.0,6,20.7,61.2,Average,1,2,0.5070921985815604,0.6236559139784945,0.6065989847715736,0.5555555555555556,0.3201856148491879
STU1218,Male,Science,69.2,4.2,87.9,1,36.1,67.0,Average,1,3,0.45390070921985815,0.45161290322580644,0.8464467005076142,0.0,0.6774941995359629
STU1219,Male,Computer Science,76.0,6.1,72.6,8,30.2,68.6,Average,1,0,0.574468085106383,0.6559139784946235,0.6522842639593909,0.7777777777777777,0.5406032482598607
STU1220,Female,Science,100.0,3.0,73.1,7,32.4,65.7,Average,0,3,1.0,0.32258064516129026,0.6586294416243654,0.6666666666666665,0.5916473317865428
STU1221,Female,English,52.6,6.8,81.1,9,30.7,73.8,Average,0,1,0.15957446808510634,0.7311827956989246,0.7601522842639592,0.8888888888888888,0.5522041763341067
STU1222,Male,English,83.2,8.6,59.5,3,31.1,75.6,High,1,1,0.7021276595744681,0.9247311827956988,0.4860406091370559,0.2222222222222222,0.5614849187935035
STU1223,Male,Social Studies,55.6,3.3,52.4,2,17.4,44.4,Low,1,4,0.21276595744680848,0.3548387096774193,0.39593908629441626,0.1111111111111111,0.24361948955916468
STU1224,Female,English,69.3,3.1,49.3,1,36.4,55.0,Average,0,1,0.4556737588652482,0.3333333333333333,0.35659898477157354,0.0,0.6844547563805103
STU1225,Male,Science,88.1,6.9,35.5,3,37.4,63.8,Average,1,3,0.7890070921985815,0.7419354838709677,0.18147208121827413,0.2222222222222222,0.7076566125290022
STU1226,Male,English,75.8,7.2,95.8,5,26.2,74.9,Average,1,1,0.5709219858156027,0.7741935483870968,0.9467005076142132,0.4444444444444445,0.4477958236658932
STU1227,Female,Math,62.1,3.0,48.5,2,27.7,43.9,Low,0,2,0.3280141843971631,0.32258064516129026,0.3464467005076142,0.1111111111111111,0.48259860788863107
STU1228,Male,English,66.4,3.2,61.7,3,15.8,48.3,Low,1,1,0.4042553191489362,0.3440860215053763,0.5139593908629443,0.2222222222222222,0.20649651972157773
STU1229,Male,Computer Science,83.2,3.4,60.8,4,32.1,62.7,Average,1,0,0.7021276595744681,0.3655913978494623,0.5025380710659899,0.3333333333333333,0.5846867749419954
STU1230,Female,Math,66.2,1.3,69.6,7,32.6,57.5,Average,0,2,0.4007092198581561,0.13978494623655913,0.6142131979695431,0.6666666666666665,0.5962877030162413
STU1231,Female,Social Studies,77.6,2.2,77.2,3,27.5,52.7,Average,0,4,0.602836879432624,0.23655913978494622,0.7106598984771575,0.2222222222222222,0.47795823665893267
STU1232,Male,Computer Science,75.5,2.0,77.9,9,37.0,64.6,Average,1,0,0.5656028368794326,0.2150537634408602,0.719543147208122,0.8888888888888888,0.6983758700696056
STU1233,Female,Science,67.2,2.5,56.3,8,25.3,59.9,Average,0,3,0.4184397163120568,0.26881720430107525,0.4454314720812183,0.7777777777777777,0.42691415313225056
STU1234,Male,Science,100.0,3.9,62.5,4,32.5,61.7,Average,1,3,1.0,0.4193548387096774,0.5241116751269035,0.3333333333333333,0.5939675174013921
STU1235,Male,Science,82.6,4.5,69.2,1,19.8,56.9,Average,1,3,0.6914893617021276,0.48387096774193544,0.6091370558375635,0.0,0.29930394431554525
STU1236,Male,Computer Science,50.7,7.1,61.3,1,27.8,59.3,Average,1,0,0.12588652482269502,0.7634408602150536,0.5088832487309645,0.0,0.4849187935034802
STU1237,Female,Computer Science,77.2,2.0,89.1,1,26.6,52.0,Average,0,0,0.5957446808510638,0.2150537634408602,0.8616751269035532,0.0,0.45707656612529
STU1238,Female,Computer Science,67.1,6.0,72.4,1,29.8,56.0,Average,0,0,0.4166666666666665,0.6451612903225805,0.6497461928934012,0.0,0.531322505800464
STU1239,Male,Math,85.2,3.6,76.0,8,25.0,63.9,Average,1,2,0.7375886524822695,0.3870967741935484,0.6954314720812182,0.7777777777777777,0.419953596287703
STU1240,Male,Math,65.5,3.9,74.9,3,26.9,56.4,Average,1,2,0.38829787234042556,0.4193548387096774,0.6814720812182742,0.2222222222222222,0.46403712296983757
STU1241,Female,Science,73.6,5.3,82.6,6,34.6,77.5,High,0,3,0.531914893617021,0.5698924731182795,0.7791878172588831,0.5555555555555556,0.642691415313225
STU1242,Female,English,81.1,1.8,67.7,3,24.5,46.5,Low,0,1,0.6648936170212765,0.1935483870967742,0.5901015228426396,0.2222222222222222,0.40835266821345706
STU1243,Female,Science,85.4,4.8,45.5,5,15.1,59.5,Average,0,3,0.7411347517730498,0.5161290322580644,0.30837563451776656,0.4444444444444445,0.19025522041763337
STU1244,Male,Social Studies,60.6,4.3,71.0,7,42.0,70.0,Average,1,4,0.301418439716312,0.4623655913978494,0.631979695431472,0.6666666666666665,0.814385150812065
STU1245,Female,Math,71.0,5.0,55.2,2,39.1,62.9,Average,0,2,0.4858156028368794,0.5376344086021505,0.43147208121827413,0.1111111111111111,0.7470997679814385
STU1246,Female,Computer Science,69.3,4.6,57.1,6,17.7,50.7,Average,0,0,0.4556737588652482,0.4946236559139784,0.4555837563451777,0.5555555555555556,0.25058004640371223
STU1247,Male,Math,67.2,8.9,73.8,6,33.5,78.4,High,1,2,0.4184397163120568,0.9569892473118279,0.6675126903553299,0.5555555555555556,0.617169373549884
STU1248,Male,Computer Science,96.2,2.7,83.6,3,24.0,59.6,Average,1,0,0.9326241134751774,0.29032258064516125,0.7918781725888324,0.2222222222222222,0.3967517401392111
STU1249,Male,Social Studies,79.9,2.9,65.3,6,30.1,62.1,Average,1,4,0.6436170212765959,0.31182795698924726,0.5596446700507614,0.5555555555555556,0.5382830626450116
STU1250,Female,Social Studies,59.9,2.8,69.6,10,30.4,57.1,Average,0,4,0.28900709219858145,0.30107526881720426,0.6142131979695431,1.0,0.5452436194895591
STU1251,Male,Math,86.0,2.9,90.5,10,26.1,72.6,Average,1,2,0.75177304964539,0.31182795698924726,0.8794416243654821,1.0,0.44547563805104406
STU1252,Male,Computer Science,100.0,2.7,68.6,5,21.7,57.4,Average,1,0,1.0,0.29032258064516125,0.6015228426395938,0.4444444444444445,0.34338747099767974
STU1253,Male,Social Studies,87.4,6.4,100.0,2,22.5,70.7,Average,1,4,0.7765957446808511,0.6881720430107526,1.0,0.1111111111111111,0.36194895591647325
STU1254,Male,Science,56.8,6.8,73.5,9,20.7,65.0,Average,1,3,0.23404255319148937,0.7311827956989246,0.6637055837563453,0.8888888888888888,0.3201856148491879
STU1255,Female,Science,69.2,2.9,38.6,8,21.3,44.9,Low,0,3,0.45390070921985815,0.31182795698924726,0.2208121827411168,0.7777777777777777,0.33410672853828305
STU1256,Male,Computer Science,74.67350427350428,2.3,76.3,3,27.5,56.4,Average,1,0,0.5509486573316362,0.2473118279569892,0.6992385786802031,0.2222222222222222,0.47795823665893267
STU1257,Female,Math,66.5,4.9,70.7,8,22.3,61.9,Average,0,2,0.40602836879432624,0.5268817204301075,0.6281725888324874,0.7777777777777777,0.35730858468677495
STU1258,Female,Social Studies,80.3,2.9,84.3,9,33.5,62.9,Average,0,4,0.6507092198581559,0.31182795698924726,0.8007614213197969,0.8888888888888888,0.617169373549884
STU1259,Female,Math,84.3,5.3,75.1,3,39.9,73.3,Average,0,2,0.7216312056737588,0.5698924731182795,0.6840101522842639,0.2222222222222222,0.7656612529002319
STU1260,Male,Science,63.9,4.4,62.9,3,23.4,56.4,Average,1,3,0.3599290780141844,0.47311827956989244,0.5291878172588833,0.2222222222222222,0.3828306264501159
STU1261,Female,Social Studies,74.3,1.0,46.6,2,29.9,40.9,Low,0,4,0.5443262411347518,0.1075268817204301,0.32233502538071074,0.1111111111111111,0.5336426914153132
STU1262,Male,Math,74.67350427350428,7.1,61.9,8,32.0,62.9,Average,1,2,0.5509486573316362,0.7634408602150536,0.516497461928934,0.7777777777777777,0.5823665893271461
STU1263,Male,English,62.7,7.6,52.2,10,31.8,70.6,Average,1,1,0.3386524822695036,0.8172043010752686,0.39340101522842646,1.0,0.5777262180974477
STU1264,Male,Computer Science,72.0,2.8,56.3,1,28.6,48.7,Low,1,0,0.5035460992907801,0.30107526881720426,0.4454314720812183,0.0,0.5034802784222738
STU1265,Female,Computer Science,60.0,3.2,73.8,8,33.9,61.6,Average,0,0,0.2907801418439715,0.3440860215053763,0.6675126903553299,0.7777777777777777,0.6264501160092807
STU1266,Male,English,94.6,4.6,90.0,7,31.9,73.0,Average,1,1,0.904255319148936,0.4946236559139784,0.8730964467005076,0.6666666666666665,0.5800464037122969
STU1267,Male,Science,57.8,4.7,70.9,7,18.1,56.6,Average,1,3,0.25177304964539005,0.5053763440860215,0.6307106598984773,0.6666666666666665,0.25986078886310904
STU1268,Male,Social Studies,69.7,5.3,47.1,3,35.0,54.0,Average,1,4,0.4627659574468086,0.5698924731182795,0.3286802030456853,0.2222222222222222,0.6519721577726217
STU1269,Female,Computer Science,76.6,8.0,71.7,1,35.1,66.3,Average,0,0,0.5851063829787233,0.8602150537634408,0.6408629441624365,0.0,0.654292343387471
STU1270,Female,English,92.3,3.6,82.9,4,21.9,49.3,Low,0,1,0.8634751773049645,0.3870967741935484,0.782994923857868,0.3333333333333333,0.34802784222737815
STU1271,Female,English,57.8,2.4,55.9,9,28.3,57.6,Average,0,1,0.25177304964539005,0.2580645161290322,0.4403553299492386,0.8888888888888888,0.49651972157772617
STU1272,Male,Science,89.0,1.2,63.0,5,33.5,55.6,Average,1,3,0.8049645390070923,0.1290322580645161,0.5304568527918783,0.4444444444444445,0.617169373549884
STU1273,Female,Science,74.67350427350428,2.5,65.2,1,26.3,52.9,Average,0,3,0.5509486573316362,0.26881720430107525,0.5583756345177666,0.0,0.45011600928074247
STU1274,Male,Math,63.2,3.9,53.2,5,36.6,54.4,Average,1,2,0.34751773049645385,0.4193548387096774,0.4060913705583757,0.4444444444444445,0.6890951276102089
STU1275,Male,Computer Science,80.5,7.6,74.7,8,46.9,85.8,High,1,0,0.6542553191489362,0.8172043010752686,0.6789340101522843,0.7777777777777777,0.9280742459396751
STU1276,Female,Math,77.4,3.0,63.2,8,21.7,56.4,Average,0,2,0.5992907801418441,0.32258064516129026,0.5329949238578682,0.7777777777777777,0.34338747099767974
STU1277,Male,English,67.8,4.4,71.3,5,17.0,51.6,Average,1,1,0.42907801418439706,0.47311827956989244,0.6357868020304569,0.4444444444444445,0.23433874709976799
STU1278,Female,Social Studies,75.8,4.0,51.7,9,30.4,55.8,Average,0,4,0.5709219858156027,0.4301075268817204,0.3870558375634518,0.8888888888888888,0.5452436194895591
STU1279,Male,Social Studies,70.4,6.4,58.4,1,33.8,68.5,Average,1,4,0.47517730496453914,0.6881720430107526,0.4720812182741117,0.0,0.6241299303944314
STU1280,Female,Science,76.4,9.1,75.8,4,26.2,78.6,High,0,3,0.5815602836879434,0.9784946236559138,0.6928934010152283,0.3333333333333333,0.4477958236658932
STU1281,Male,Social Studies,82.9,2.9,59.4,3,39.6,58.3,Average,1,4,0.696808510638298,0.31182795698924726,0.4847715736040609,0.2222222222222222,0.7587006960556845
STU1282,Male,Social Studies,94.0,3.0,90.9,2,17.3,56.9,Average,1,4,0.8936170212765957,0.32258064516129026,0.8845177664974619,0.1111111111111111,0.24129930394431554
STU1283,Male,Social Studies,60.1,6.1,59.0,8,33.5,65.5,Average,1,4,0.29255319148936176,0.6559139784946235,0.4796954314720812,0.7777777777777777,0.617169373549884
STU1284,Male,English,74.67350427350428,5.4,68.4,7,23.2,63.0,Average,1,1,0.5509486573316362,0.5806451612903225,0.5989847715736041,0.6666666666666665,0.3781902552204176
STU1285,Male,Social Studies,51.6,7.7,79.0,9,41.8,87.5,High,1,4,0.14184397163120566,0.8279569892473118,0.733502538071066,0.8888888888888888,0.8097447795823665
STU1286,Female,Social Studies,73.2,5.2,43.7,2,43.9,56.4,Average,0,4,0.5248226950354611,0.5591397849462365,0.2855329949238579,0.1111111111111111,0.8584686774941994
STU1287,Male,Social Studies,82.1,3.3,38.6,4,21.9,46.3,Low,1,4,0.6826241134751772,0.3548387096774193,0.2208121827411168,0.3333333333333333,0.34802784222737815
STU1288,Female,Math,74.67350427350428,5.2,42.1,6,23.6,56.4,Average,0,2,0.5509486573316362,0.5591397849462365,0.2652284263959391,0.5555555555555556,0.3874709976798144
STU1289,Female,English,67.5,6.2,83.9,3,34.9,75.5,High,0,1,0.4237588652482269,0.6666666666666666,0.7956852791878173,0.2222222222222222,0.6496519721577726
STU1290,Female,Science,72.5,5.6,56.7,8,24.9,65.8,Average,0,3,0.5124113475177305,0.6021505376344085,0.450507614213198,0.7777777777777777,0.41763341067285376
STU1291,Male,Math,69.1,5.0,100.0,3,27.6,59.4,Average,1,2,0.4521276595744679,0.5376344086021505,1.0,0.2222222222222222,0.4802784222737819
STU1292,Male,Computer Science,67.9,6.1,56.5,2,28.2,58.2,Average,1,0,0.43085106382978733,0.6559139784946235,0.4479695431472081,0.1111111111111111,0.494199535962877
STU1293,Male,English,85.2,6.3,67.8,3,12.6,56.4,Average,1,1,0.7375886524822695,0.6774193548387096,0.5913705583756346,0.2222222222222222,0.13225058004640367
STU1294,Female,English,79.3,6.8,88.1,6,27.9,72.4,Average,0,1,0.6329787234042552,0.7311827956989246,0.8489847715736039,0.5555555555555556,0.48723897911832936
STU1295,Male,Computer Science,66.7,5.3,95.1,2,22.5,63.4,Average,1,0,0.40957446808510634,0.5698924731182795,0.9378172588832485,0.1111111111111111,0.36194895591647325
STU1296,Male,Computer Science,85.8,3.7,95.9,8,24.1,62.1,Average,1,0,0.74822695035461,0.3978494623655914,0.9479695431472082,0.7777777777777777,0.39907192575406036
STU1297,Female,Computer Science,78.7,4.3,83.1,1,39.5,64.4,Average,0,0,0.6223404255319149,0.4623655913978494,0.7855329949238579,0.0,0.7563805104408352
STU1298,Female,Science,84.8,6.4,80.4,7,17.9,68.6,Average,0,3,0.730496453900709,0.6881720430107526,0.751269035532995,0.6666666666666665,0.25522041763341063
STU1299,Female,Social Studies,82.6,2.4,73.9,2,34.5,60.0,Average,0,4,0.6914893617021276,0.2580645161290322,0.6687817258883249,0.1111111111111111,0.6403712296983758
STU1300,Female,English,65.1,4.7,76.7,10,25.8,66.5,Average,0,1,0.38120567375886516,0.5053763440860215,0.7043147208121827,1.0,0.4385150812064965
STU1301,Female,Social Studies,68.3,3.2,56.7,6,25.8,52.3,Average,0,4,0.4379432624113475,0.3440860215053763,0.450507614213198,0.5555555555555556,0.4385150812064965
STU1302,Female,Social Studies,84.0,4.1,52.7,2,34.3,57.3,Average,0,4,0.7163120567375887,0.4408602150537633,0.399746192893401,0.1111111111111111,0.6357308584686774
STU1303,Male,Computer Science,82.3,6.6,64.9,2,30.7,67.9,Average,1,0,0.6861702127659575,0.7096774193548386,0.5545685279187818,0.1111111111111111,0.5522041763341067
STU1304,Female,Science,74.7,4.4,62.4,10,32.6,67.4,Average,0,3,0.551418439716312,0.47311827956989244,0.5228426395939085,1.0,0.5962877030162413
STU1305,Male,Math,76.4,4.1,58.2,8,35.7,61.4,Average,1,2,0.5815602836879434,0.4408602150537633,0.4695431472081219,0.7777777777777777,0.6682134570765661
STU1306,Male,Science,90.3,1.3,75.4,2,25.3,46.1,Low,1,3,0.8280141843971631,0.13978494623655913,0.6878172588832487,0.1111111111111111,0.42691415313225056
STU1307,Male,Social Studies,67.9,5.5,79.3,7,23.1,58.7,Average,1,4,0.43085106382978733,0.5913978494623655,0.7373096446700507,0.6666666666666665,0.37587006960556846
STU1308,Female,Science,81.6,5.3,66.3,3,19.3,61.8,Average,0,3,0.6737588652482269,0.5698924731182795,0.5723350253807107,0.2222222222222222,0.2877030162412993
STU1309,Male,Computer Science,72.6,8.3,87.2,8,21.4,77.8,High,1,0,0.5141843971631204,0.8924731182795699,0.8375634517766497,0.7777777777777777,0.3364269141531322
STU1310,Female,Math,72.4,3.4,47.9,7,50.0,67.0,Average,0,2,0.5106382978723405,0.3655913978494623,0.3388324873096447,0.6666666666666665,1.0
STU1311,Female,Computer Science,88.2,4.4,62.1,8,38.0,68.4,Average,0,0,0.7907801418439717,0.47311827956989244,0.5190355329949239,0.7777777777777777,0.7215777262180973
STU1312,Male,Math,84.9,4.5,54.2,7,17.2,53.2,Average,1,2,0.7322695035460993,0.48387096774193544,0.4187817258883249,0.6666666666666665,0.23897911832946633
STU1313,Female,Social Studies,84.8,7.2,37.0,6,17.4,62.2,Average,0,4,0.730496453900709,0.7741935483870968,0.20050761421319802,0.5555555555555556,0.24361948955916468
STU1314,Male,Math,90.7,3.8,63.8,7,31.9,71.8,Average,1,2,0.8351063829787235,0.4086021505376343,0.5406091370558375,0.6666666666666665,0.5800464037122969
STU1315,Male,Math,75.3,4.6,63.2,5,32.4,60.1,Average,1,2,0.5620567375886525,0.4946236559139784,0.5329949238578682,0.4444444444444445,0.5916473317865428
STU1316,Female,Math,83.2,5.2,87.7,7,32.4,77.2,High,0,2,0.7021276595744681,0.5591397849462365,0.8439086294416243,0.6666666666666665,0.5916473317865428
STU1317,Male,Science,71.3,4.4,74.5,1,26.0,55.7,Average,1,3,0.49113475177304955,0.47311827956989244,0.6763959390862944,0.0,0.4431554524361949
STU1318,Male,Science,78.9,3.1,49.6,1,27.0,47.4,Low,1,3,0.625886524822695,0.3333333333333333,0.3604060913705584,0.0,0.4663573085846867
STU1319,Male,Social Studies,73.4,4.4,92.8,9,30.6,77.1,High,1,4,0.5283687943262412,0.47311827956989244,0.9086294416243654,0.8888888888888888,0.5498839907192575
STU1320,Female,Math,76.2,6.1,83.3,5,28.7,69.0,Average,0,2,0.5780141843971631,0.6559139784946235,0.7880710659898476,0.4444444444444445,0.5058004640371229
STU1321,Male,English,82.1,1.9,73.7,5,10.2,46.8,Low,1,1,0.6826241134751772,0.20430107526881716,0.6662436548223352,0.4444444444444445,0.07656612529002316
STU1322,Female,Social Studies,65.2,4.3,61.6,3,26.2,54.8,Average,0,4,0.38297872340425543,0.4623655913978494,0.5126903553299493,0.2222222222222222,0.4477958236658932
STU1323,Female,Math,100.0,2.6,50.6,5,21.2,45.5,Low,0,2,1.0,0.27956989247311825,0.3730964467005076,0.4444444444444445,0.33178654292343385
STU1324,Male,Math,62.9,6.4,59.4,3,29.4,61.8,Average,1,2,0.3421985815602837,0.6881720430107526,0.4847715736040609,0.2222222222222222,0.5220417633410672
STU1325,Male,Science,60.4,1.0,81.3,9,50.0,66.2,Average,1,3,0.2978723404255319,0.1075268817204301,0.7626903553299491,0.8888888888888888,1.0
STU1326,Female,Social Studies,88.9,2.9,93.3,9,30.9,64.6,Average,0,4,0.8031914893617023,0.31182795698924726,0.91497461928934,0.8888888888888888,0.5568445475638051
STU1327,Female,Math,84.5,4.8,88.1,6,25.5,65.1,Average,0,2,0.7251773049645389,0.5161290322580644,0.8489847715736039,0.5555555555555556,0.43155452436194897
STU1328,Male,Math,82.5,7.1,57.7,1,35.4,64.5,Average,1,2,0.6897163120567376,0.7634408602150536,0.46319796954314724,0.0,0.6612529002320184
STU1329,Male,Social Studies,82.5,3.9,48.2,7,31.9,64.1,Average,1,4,0.6897163120567376,0.4193548387096774,0.34263959390862947,0.6666666666666665,0.5800464037122969
STU1330,Female,English,74.9,2.9,67.1,7,31.4,56.1,Average,0,1,0.5549645390070923,0.31182795698924726,0.5824873096446701,0.6666666666666665,0.5684454756380509
STU1331,Female,Social Studies,64.2,7.8,38.5,10,32.9,67.2,Average,0,4,0.3652482269503545,0.8387096774193548,0.21954314720812185,1.0,0.6032482598607888
STU1332,Female,Social Studies,75.9,1.1,69.8,10,44.5,67.4,Average,0,4,0.572695035460993,0.11827956989247311,0.616751269035533,1.0,0.8723897911832945
STU1333,Female,English,66.9,0.0,62.8,4,19.0,34.4,Low,0,1,0.41312056737588665,0.0,0.5279187817258884,0.3333333333333333,0.2807424593967517
STU1334,Female,Social Studies,86.7,4.9,58.0,8,31.8,64.4,Average,0,4,0.7641843971631206,0.5268817204301075,0.467005076142132,0.7777777777777777,0.5777262180974477
STU1335,Male,Math,73.2,3.0,41.1,6,20.6,41.0,Low,1,2,0.5248226950354611,0.32258064516129026,0.25253807106598986,0.5555555555555556,0.31786542923433875
STU1336,Female,Social Studies,65.1,2.0,72.7,4,32.4,57.9,Average,0,4,0.38120567375886516,0.2150537634408602,0.6535532994923858,0.3333333333333333,0.5916473317865428
STU1337,Female,English,71.1,5.4,57.0,4,20.7,53.8,Average,0,1,0.48758865248226946,0.5806451612903225,0.45431472081218277,0.3333333333333333,0.3201856148491879
STU1338,Male,Computer Science,80.0,4.5,47.5,2,24.7,51.6,Average,1,0,0.6453900709219857,0.48387096774193544,0.333756345177665,0.1111111111111111,0.41299303944315535
STU1339,Male,Social Studies,68.2,2.9,21.9,2,25.6,43.7,Low,1,4,0.43617021276595747,0.31182795698924726,0.008883248730964466,0.1111111111111111,0.4338747099767981
STU1340,Female,Science,65.1,1.4,64.6,4,35.8,50.2,Average,0,3,0.38120567375886516,0.15053763440860213,0.5507614213197969,0.3333333333333333,0.6705336426914152
STU1341,Female,Math,77.9,5.7,91.6,5,35.3,72.6,Average,0,2,0.6081560283687943,0.6129032258064515,0.8934010152284262,0.4444444444444445,0.6589327146171693
STU1342,Male,Math,77.9,5.3,89.9,8,18.0,61.9,Average,1,2,0.6081560283687943,0.5698924731182795,0.8718274111675126,0.7777777777777777,0.25754060324825984
STU1343,Female,Science,68.9,3.8,58.1,6,28.4,52.9,Average,0,3,0.448581560283688,0.4086021505376343,0.46827411167512695,0.5555555555555556,0.4988399071925753
STU1344,Female,Science,69.3,7.7,56.0,4,22.3,58.3,Average,0,3,0.4556737588652482,0.8279569892473118,0.44162436548223355,0.3333333333333333,0.35730858468677495
STU1345,Male,Social Studies,77.8,1.9,72.0,7,17.9,49.3,Low,1,4,0.6063829787234043,0.20430107526881716,0.6446700507614214,0.6666666666666665,0.25522041763341063
STU1346,Female,Science,57.6,0.9,50.0,8,26.3,44.8,Low,0,3,0.24822695035460995,0.0967741935483871,0.3654822335025381,0.7777777777777777,0.45011600928074247
STU1347,Male,Computer Science,58.1,2.6,69.5,2,25.5,49.3,Low,1,0,0.2570921985815602,0.27956989247311825,0.6129441624365481,0.1111111111111111,0.43155452436194897
STU1348,Male,English,66.4,3.9,76.5,7,47.4,69.3,Average,1,1,0.4042553191489362,0.4193548387096774,0.7017766497461928,0.6666666666666665,0.9396751740139211
STU1349,Male,Science,72.4,4.5,83.4,2,31.5,63.4,Average,1,3,0.5106382978723405,0.48387096774193544,0.7893401015228427,0.1111111111111111,0.5707656612529002
STU1350,Male,Science,78.7,3.5,63.5,2,17.0,49.7,Low,1,3,0.6223404255319149,0.3763440860215053,0.5368020304568528,0.1111111111111111,0.23433874709976799
STU1351,Female,Computer Science,92.7,4.7,61.9,8,23.5,61.7,Average,0,0,0.8705673758865249,0.5053763440860215,0.516497461928934,0.7777777777777777,0.38515081206496515
STU1352,Male,Math,85.3,1.5,51.8,2,36.2,48.5,Low,1,2,0.7393617021276595,0.16129032258064513,0.38832487309644664,0.1111111111111111,0.679814385150812
STU1353,Female,Math,73.1,6.9,52.6,9,44.7,77.9,High,0,2,0.5230496453900708,0.7419354838709677,0.3984771573604062,0.8888888888888888,0.877030162412993
STU1354,Female,Social Studies,74.8,3.8,61.6,1,15.3,44.8,Low,0,4,0.553191489361702,0.4086021505376343,0.5126903553299493,0.0,0.19489559164733178
STU1355,Female,Computer Science,63.0,6.2,70.5,9,13.0,61.0,Average,0,0,0.34397163120567376,0.6666666666666666,0.6256345177664975,0.8888888888888888,0.14153132250580047
STU1356,Female,English,74.8,4.7,78.7,1,43.0,73.3,Average,0,1,0.553191489361702,0.5053763440860215,0.7296954314720814,0.0,0.8375870069605568
STU1357,Female,English,71.5,4.9,53.0,10,31.1,65.5,Average,0,1,0.49468085106382986,0.5268817204301075,0.4035532994923858,1.0,0.5614849187935035
STU1358,Male,Computer Science,78.9,5.1,87.4,10,21.1,66.5,Average,1,0,0.625886524822695,0.5483870967741934,0.8401015228426396,1.0,0.3294663573085847
STU1359,Male,English,65.1,4.9,60.9,2,32.3,54.4,Average,1,1,0.38120567375886516,0.5268817204301075,0.5038071065989849,0.1111111111111111,0.5893271461716937
STU1360,Male,Math,81.2,5.3,64.7,6,6.9,49.2,Low,1,2,0.6666666666666667,0.5698924731182795,0.5520304568527918,0.5555555555555556,0.0
STU1361,Male,English,93.4,6.7,53.8,6,28.0,62.2,Average,1,1,0.8829787234042554,0.7204301075268816,0.4137055837563452,0.5555555555555556,0.4895591647331786
STU1362,Female,English,73.7,4.4,28.6,1,30.6,52.0,Average,0,1,0.5336879432624113,0.47311827956989244,0.09390862944162442,0.0,0.5498839907192575
STU1363,Male,Computer Science,79.8,5.4,78.3,7,35.4,64.2,Average,1,0,0.6418439716312057,0.5806451612903225,0.7246192893401016,0.6666666666666665,0.6612529002320184
STU1364,Female,Computer Science,83.3,3.8,76.1,8,19.9,62.4,Average,0,0,0.7039007092198581,0.4086021505376343,0.6967005076142132,0.7777777777777777,0.3016241299303944
STU1365,Female,English,70.2,6.9,60.8,2,28.7,58.8,Average,0,1,0.4716312056737588,0.7419354838709677,0.5025380710659899,0.1111111111111111,0.5058004640371229
STU1366,Male,Science,77.7,2.6,66.0,8,20.6,52.6,Average,1,3,0.6046099290780143,0.27956989247311825,0.5685279187817258,0.7777777777777777,0.31786542923433875
STU1367,Male,Computer Science,75.2,7.6,72.7,9,30.0,72.7,Average,1,0,0.5602836879432624,0.8172043010752686,0.6535532994923858,0.8888888888888888,0.5359628770301623
STU1368,Male,Social Studies,76.2,3.9,41.6,6,20.8,55.8,Average,1,4,0.5780141843971631,0.4193548387096774,0.2588832487309645,0.5555555555555556,0.3225058004640371
STU1369,Male,Social Studies,65.7,1.1,57.1,5,24.7,45.4,Low,1,4,0.39184397163120566,0.11827956989247311,0.4555837563451777,0.4444444444444445,0.41299303944315535
STU1370,Female,Math,75.3,4.3,76.9,9,20.0,65.0,Average,0,2,0.5620567375886525,0.4623655913978494,0.7068527918781726,0.8888888888888888,0.3039443155452436
STU1371,Female,English,81.0,2.6,46.2,9,33.2,63.8,Average,0,1,0.6631205673758864,0.27956989247311825,0.317258883248731,0.8888888888888888,0.6102088167053364
STU1372,Male,Science,92.4,5.7,69.4,1,34.9,67.0,Average,1,3,0.8652482269503547,0.6129032258064515,0.6116751269035534,0.0,0.6496519721577726
STU1373,Female,Math,86.5,2.7,44.7,3,26.1,44.5,Low,0,2,0.7606382978723405,0.29032258064516125,0.29822335025380714,0.2222222222222222,0.44547563805104406
STU1374,Female,English,100.0,3.1,72.0,9,28.3,65.3,Average,0,1,1.0,0.3333333333333333,0.6446700507614214,0.8888888888888888,0.49651972157772617
STU1375,Female,Computer Science,65.8,0.2,64.5,2,16.4,33.6,Low,0,0,0.3936170212765957,0.02150537634408602,0.5494923857868022,0.1111111111111111,0.22041763341067278
STU1376,Male,Social Studies,85.5,3.1,40.8,4,25.6,48.0,Low,1,4,0.7429078014184398,0.3333333333333333,0.2487309644670051,0.3333333333333333,0.4338747099767981
STU1377,Female,Science,77.2,0.0,82.5,4,27.6,49.8,Low,0,3,0.5957446808510638,0.0,0.7779187817258884,0.3333333333333333,0.4802784222737819
STU1378,Male,Social Studies,100.0,0.8,54.0,2,49.0,59.0,Average,1,4,1.0,0.08602150537634408,0.416243654822335,0.1111111111111111,0.9767981438515081
STU1379,Male,Computer Science,65.3,5.5,52.8,3,19.1,52.9,Average,1,0,0.38475177304964525,0.5913978494623655,0.401015228426396,0.2222222222222222,0.28306264501160094
STU1380,Female,English,64.9,5.6,68.0,3,39.7,68.6,Average,0,1,0.37765957446808507,0.6021505376344085,0.5939086294416245,0.2222222222222222,0.7610208816705336
STU1381,Female,Computer Science,67.8,4.9,82.2,1,36.0,63.2,Average,0,0,0.42907801418439706,0.5268817204301075,0.7741116751269035,0.0,0.6751740139211136
STU1382,Male,Computer Science,49.5,2.1,49.8,6,30.2,49.8,Low,1,0,0.10460992907801414,0.22580645161290322,0.3629441624365482,0.5555555555555556,0.5406032482598607
STU1383,Female,Social Studies,68.7,3.9,65.9,8,42.1,66.7,Average,0,4,0.4450354609929079,0.4193548387096774,0.5672588832487311,0.7777777777777777,0.8167053364269141
STU1384,Female,Science,65.9,4.0,71.4,3,31.0,62.9,Average,0,3,0.39539007092198597,0.4301075268817204,0.6370558375634519,0.2222222222222222,0.5591647331786542
STU1385,Male,Computer Science,76.8,1.7,75.4,5,31.1,54.3,Average,1,0,0.5886524822695034,0.18279569892473116,0.6878172588832487,0.4444444444444445,0.5614849187935035
STU1386,Male,Social Studies,79.1,7.0,67.6,1,27.6,68.0,Average,1,4,0.6294326241134751,0.7526881720430106,0.5888324873096447,0.0,0.4802784222737819
STU1387,Male,Science,97.5,5.8,59.5,10,37.8,71.5,Average,1,3,0.9556737588652482,0.6236559139784945,0.4860406091370559,1.0,0.716937354988399
STU1388,Male,English,86.4,3.6,52.6,7,36.8,62.3,Average,1,1,0.7588652482269505,0.3870967741935484,0.3984771573604062,0.6666666666666665,0.693735498839907
STU1389,Female,English,68.1,4.1,66.3,10,23.0,59.6,Average,0,1,0.4343971631205672,0.4408602150537633,0.5723350253807107,1.0,0.3735498839907192
STU1390,Female,Math,64.2,4.4,48.9,1,17.4,45.1,Low,0,2,0.3652482269503545,0.47311827956989244,0.35152284263959394,0.0,0.24361948955916468
STU1391,Male,Social Studies,80.9,0.0,21.2,9,26.4,45.5,Low,1,4,0.6613475177304966,0.0,0.0,0.8888888888888888,0.4524361948955916
STU1392,Male,Science,59.2,3.5,71.5,8,21.6,51.2,Average,1,3,0.27659574468085113,0.3763440860215053,0.6383248730964468,0.7777777777777777,0.3410672853828306
STU1393,Male,Computer Science,97.0,2.6,78.6,7,27.5,58.9,Average,1,0,0.946808510638298,0.27956989247311825,0.7284263959390862,0.6666666666666665,0.47795823665893267
STU1394,Female,English,89.2,2.0,29.6,10,37.9,53.3,Average,0,1,0.8085106382978724,0.2150537634408602,0.10659898477157365,1.0,0.7192575406032482
STU1395,Male,Science,69.4,3.4,49.9,7,24.3,57.8,Average,1,3,0.45744680851063846,0.3655913978494623,0.36421319796954316,0.6666666666666665,0.40371229698375866
STU1396,Female,Social Studies,54.4,7.6,74.3,5,27.7,68.5,Average,0,4,0.1914893617021276,0.8172043010752686,0.6738578680203045,0.4444444444444445,0.48259860788863107
STU1397,Male,Math,91.2,5.3,95.9,5,28.5,67.7,Average,1,2,0.8439716312056738,0.5698924731182795,0.9479695431472082,0.4444444444444445,0.5011600928074246
STU1398,Male,English,73.6,2.9,65.3,5,34.8,57.5,Average,1,1,0.531914893617021,0.31182795698924726,0.5596446700507614,0.4444444444444445,0.6473317865429233
STU1399,Male,Science,89.9,5.1,54.1,1,10.0,51.4,Average,1,3,0.8209219858156029,0.5483870967741934,0.41751269035532995,0.0,0.07192575406032481
STU1400,Female,Science,55.9,6.8,62.3,8,23.1,62.4,Average,0,3,0.21808510638297862,0.7311827956989246,0.5215736040609138,0.7777777777777777,0.37587006960556846
STU1401,Female,Science,67.8,5.8,85.6,1,29.7,62.2,Average,0,3,0.42907801418439706,0.6236559139784945,0.8172588832487309,0.0,0.5290023201856148
STU1402,Female,Social Studies,75.1,4.1,55.3,4,37.6,58.1,Average,0,4,0.5585106382978722,0.4408602150537633,0.432741116751269,0.3333333333333333,0.7122969837587007
STU1403,Male,Social Studies,75.6,2.7,53.0,9,24.1,50.8,Average,1,4,0.5673758865248226,0.29032258064516125,0.4035532994923858,0.8888888888888888,0.39907192575406036
STU1404,Female,Social Studies,69.6,5.4,57.8,9,13.0,60.6,Average,0,4,0.46099290780141833,0.5806451612903225,0.4644670050761421,0.8888888888888888,0.14153132250580047
STU1405,Female,Computer Science,82.5,4.8,50.7,5,33.0,67.9,Average,0,0,0.6897163120567376,0.5161290322580644,0.3743654822335026,0.4444444444444445,0.605568445475638
STU1406,Male,Science,62.2,5.8,66.8,4,22.9,54.3,Average,1,3,0.32978723404255317,0.6236559139784945,0.5786802030456852,0.3333333333333333,0.37122969837587005
STU1407,Male,English,73.3,5.3,89.4,3,18.5,65.0,Average,1,1,0.5265957446808509,0.5698924731182795,0.8654822335025381,0.2222222222222222,0.2691415313225058
STU1408,Female,Social Studies,76.4,6.1,69.8,3,23.0,58.8,Average,0,4,0.5815602836879434,0.6559139784946235,0.616751269035533,0.2222222222222222,0.3735498839907192
STU1409,Female,Social Studies,81.2,2.9,61.2,5,26.5,56.8,Average,0,4,0.6666666666666667,0.31182795698924726,0.5076142131979695,0.4444444444444445,0.45475638051044076
STU1410,Female,Science,83.5,6.6,60.6,10,23.2,74.5,Average,0,3,0.7074468085106382,0.7096774193548386,0.5,1.0,0.3781902552204176
STU1411,Female,Social Studies,61.5,4.4,41.6,1,10.4,37.5,Low,0,4,0.3173758865248226,0.47311827956989244,0.2588832487309645,0.0,0.08120649651972156
STU1412,Male,Computer Science,56.6,8.2,78.2,5,35.2,73.2,Average,1,0,0.23049645390070927,0.8817204301075267,0.7233502538071066,0.4444444444444445,0.6566125290023203
STU1413,Male,Computer Science,90.3,2.6,63.8,6,38.2,66.6,Average,1,0,0.8280141843971631,0.27956989247311825,0.5406091370558375,0.5555555555555556,0.7262180974477959
STU1414,Male,Social Studies,79.0,7.5,62.3,7,33.2,69.5,Average,1,4,0.6276595744680851,0.8064516129032258,0.5215736040609138,0.6666666666666665,0.6102088167053364
STU1415,Female,Science,66.0,4.4,100.0,9,18.9,69.6,Average,0,3,0.3971631205673758,0.47311827956989244,1.0,0.8888888888888888,0.2784222737819025
STU1416,Female,Science,93.6,2.7,69.5,3,26.4,56.2,Average,0,3,0.8865248226950353,0.29032258064516125,0.6129441624365481,0.2222222222222222,0.4524361948955916
STU1417,Male,Science,76.4,3.0,53.7,2,27.9,47.9,Low,1,3,0.5815602836879434,0.32258064516129026,0.41243654822335035,0.1111111111111111,0.48723897911832936
STU1418,Male,Math,89.2,3.4,58.6,3,32.8,55.9,Average,1,2,0.8085106382978724,0.3655913978494623,0.4746192893401016,0.2222222222222222,0.6009280742459395
STU1419,Female,Social Studies,75.8,4.8,82.2,9,33.3,67.0,Average,0,4,0.5709219858156027,0.5161290322580644,0.7741116751269035,0.8888888888888888,0.6125290023201855
STU1420,Female,Science,99.7,5.0,66.7,7,22.1,62.5,Average,0,3,0.9946808510638299,0.5376344086021505,0.5774111675126905,0.6666666666666665,0.35266821345707655
STU1421,Male,Computer Science,96.1,2.9,43.4,9,28.7,57.9,Average,1,0,0.9308510638297871,0.31182795698924726,0.28172588832487305,0.8888888888888888,0.5058004640371229
STU1422,Male,English,72.0,4.0,78.8,2,31.7,55.8,Average,1,1,0.5035460992907801,0.4301075268817204,0.7309644670050761,0.1111111111111111,0.5754060324825986
STU1423,Male,English,86.7,8.3,55.0,5,39.6,76.7,High,1,1,0.7641843971631206,0.8924731182795699,0.42893401015228433,0.4444444444444445,0.7587006960556845
STU1424,Female,Science,82.7,7.5,93.1,4,33.6,79.6,High,0,3,0.6932624113475179,0.8064516129032258,0.9124365482233501,0.3333333333333333,0.6194895591647331
STU1425,Female,English,91.4,4.9,81.2,2,34.3,66.6,Average,0,1,0.8475177304964541,0.5268817204301075,0.7614213197969544,0.1111111111111111,0.6357308584686774
STU1426,Female,English,63.4,4.1,58.3,9,28.7,62.9,Average,0,1,0.35106382978723394,0.4408602150537633,0.47081218274111675,0.8888888888888888,0.5058004640371229
STU1427,Female,Math,83.2,4.2,84.2,9,39.3,72.4,Average,0,2,0.7021276595744681,0.45161290322580644,0.7994923857868019,0.8888888888888888,0.7517401392111368
STU1428,Female,Computer Science,87.7,5.2,66.0,6,31.3,70.9,Average,0,0,0.7819148936170213,0.5591397849462365,0.5685279187817258,0.5555555555555556,0.5661252900232019
STU1429,Female,Computer Science,53.9,2.0,77.8,6,21.1,50.1,Average,0,0,0.18262411347517726,0.2150537634408602,0.7182741116751268,0.5555555555555556,0.3294663573085847
STU1430,Male,Math,60.8,3.5,72.3,8,39.2,72.0,Average,1,2,0.3049645390070921,0.3763440860215053,0.648477157360406,0.7777777777777777,0.7494199535962878
STU1431,Male,Math,50.5,0.7,52.3,6,33.6,56.0,Average,1,2,0.12234042553191482,0.07526881720430106,0.3946700507614213,0.5555555555555556,0.6194895591647331
STU1432,Female,English,71.8,4.8,55.3,1,24.5,50.0,Average,0,1,0.5,0.5161290322580644,0.432741116751269,0.0,0.40835266821345706
STU1433,Male,Social Studies,83.6,5.3,80.4,4,24.2,62.1,Average,1,4,0.7092198581560283,0.5698924731182795,0.751269035532995,0.3333333333333333,0.4013921113689095
STU1434,Female,English,93.0,3.0,60.0,7,30.4,60.1,Average,0,1,0.875886524822695,0.32258064516129026,0.49238578680203043,0.6666666666666665,0.5452436194895591
STU1435,Male,Math,75.9,7.1,58.9,2,31.7,67.0,Average,1,2,0.572695035460993,0.7634408602150536,0.47842639593908626,0.1111111111111111,0.5754060324825986
STU1436,Female,Computer Science,94.5,1.5,50.7,9,29.6,61.8,Average,0,0,0.9024822695035462,0.16129032258064513,0.3743654822335026,0.8888888888888888,0.5266821345707656
STU1437,Male,English,58.4,1.1,71.4,8,30.5,51.5,Average,1,1,0.2624113475177303,0.11827956989247311,0.6370558375634519,0.7777777777777777,0.5475638051044083
STU1438,Male,Social Studies,54.6,4.4,95.9,8,41.6,75.7,High,1,4,0.1950354609929078,0.47311827956989244,0.9479695431472082,0.7777777777777777,0.8051044083526682
STU1439,Female,English,74.3,6.1,49.0,7,36.6,67.4,Average,0,1,0.5443262411347518,0.6559139784946235,0.3527918781725889,0.6666666666666665,0.6890951276102089
STU1440,Female,Science,79.6,7.4,65.4,4,29.5,71.0,Average,0,3,0.6382978723404253,0.7956989247311828,0.5609137055837565,0.3333333333333333,0.5243619489559165
STU1441,Male,English,74.6,3.1,86.2,2,35.5,67.1,Average,1,1,0.549645390070922,0.3333333333333333,0.8248730964467006,0.1111111111111111,0.6635730858468677
STU1442,Male,Math,50.2,6.2,63.8,3,19.7,52.8,Average,1,2,0.11702127659574468,0.6666666666666666,0.5406091370558375,0.2222222222222222,0.296983758700696
STU1443,Female,Computer Science,73.9,3.9,71.8,6,31.2,56.3,Average,0,0,0.5372340425531916,0.4193548387096774,0.6421319796954315,0.5555555555555556,0.5638051044083526
STU1444,Male,Computer Science,59.3,3.7,49.1,5,42.5,62.7,Average,1,0,0.27836879432624095,0.3978494623655914,0.35406091370558385,0.4444444444444445,0.8259860788863108
STU1445,Female,Math,83.0,5.8,71.4,8,26.3,65.6,Average,0,2,0.698581560283688,0.6236559139784945,0.6370558375634519,0.7777777777777777,0.45011600928074247
STU1446,Female,Science,74.67350427350428,5.3,62.2,6,21.2,59.1,Average,0,3,0.5509486573316362,0.5698924731182795,0.5203045685279188,0.5555555555555556,0.33178654292343385
STU1447,Male,Math,63.7,0.8,79.8,6,22.8,52.2,Average,1,2,0.3563829787234043,0.08602150537634408,0.7436548223350252,0.5555555555555556,0.3689095127610209
STU1448,Female,English,68.8,7.0,82.8,1,19.3,61.6,Average,0,1,0.44680851063829774,0.7526881720430106,0.781725888324873,0.0,0.2877030162412993
STU1449,Male,Math,62.3,6.8,100.0,4,21.7,67.1,Average,1,2,0.3315602836879432,0.7311827956989246,1.0,0.3333333333333333,0.34338747099767974
STU1450,Male,Math,74.2,2.7,73.7,5,25.0,52.8,Average,1,2,0.5425531914893618,0.29032258064516125,0.6662436548223352,0.4444444444444445,0.419953596287703
STU1451,Female,Science,86.5,4.8,69.9,3,16.8,44.3,Low,0,3,0.7606382978723405,0.5161290322580644,0.618020304568528,0.2222222222222222,0.22969837587006958
STU1452,Male,English,63.2,5.0,67.9,9,28.1,67.3,Average,1,1,0.34751773049645385,0.5376344086021505,0.5926395939086295,0.8888888888888888,0.4918793503480279
STU1453,Female,Social Studies,81.0,4.5,59.7,1,35.2,58.3,Average,0,4,0.6631205673758864,0.48387096774193544,0.4885786802030458,0.0,0.6566125290023203
STU1454,Female,Social Studies,68.6,2.9,70.1,6,20.7,58.3,Average,0,4,0.44326241134751765,0.31182795698924726,0.6205583756345177,0.5555555555555556,0.3201856148491879
STU1455,Female,Computer Science,65.5,2.7,60.6,6,40.2,61.9,Average,0,0,0.38829787234042556,0.29032258064516125,0.5,0.5555555555555556,0.7726218097447796
STU1456,Male,Math,73.7,3.9,67.5,10,32.1,64.5,Average,1,2,0.5336879432624113,0.4193548387096774,0.5875634517766497,1.0,0.5846867749419954
STU1457,Female,Computer Science,62.6,6.3,84.8,5,36.2,76.0,High,0,0,0.3368794326241136,0.6774193548387096,0.8071065989847714,0.4444444444444445,0.679814385150812
STU1458,Male,Science,68.4,5.1,49.9,5,22.7,58.7,Average,1,3,0.43971631205673756,0.5483870967741934,0.36421319796954316,0.4444444444444445,0.36658932714617165
STU1459,Female,Social Studies,60.6,3.3,82.1,10,34.8,66.7,Average,0,4,0.301418439716312,0.3548387096774193,0.7728426395939085,1.0,0.6473317865429233
STU1460,Female,Math,98.6,5.5,84.8,5,19.3,70.4,Average,0,2,0.9751773049645389,0.5913978494623655,0.8071065989847714,0.4444444444444445,0.2877030162412993
STU1461,Female,Science,75.4,0.0,63.2,6,35.1,50.0,Average,0,3,0.5638297872340425,0.0,0.5329949238578682,0.5555555555555556,0.654292343387471
STU1462,Male,Science,66.6,6.3,33.2,8,29.4,61.5,Average,1,3,0.4078014184397163,0.6774193548387096,0.15228426395939093,0.7777777777777777,0.5220417633410672
STU1463,Male,Math,77.6,0.5,55.9,2,32.4,48.4,Low,1,2,0.602836879432624,0.05376344086021505,0.4403553299492386,0.1111111111111111,0.5916473317865428
STU1464,Female,Science,73.7,3.3,84.5,6,18.6,59.4,Average,0,3,0.5336879432624113,0.3548387096774193,0.8032994923857868,0.5555555555555556,0.271461716937355
STU1465,Female,Math,72.3,1.8,64.7,1,20.8,45.7,Low,0,2,0.5088652482269502,0.1935483870967742,0.5520304568527918,0.0,0.3225058004640371
STU1466,Male,Math,82.4,1.4,50.0,4,32.8,49.5,Low,1,2,0.6879432624113475,0.15053763440860213,0.3654822335025381,0.3333333333333333,0.6009280742459395
STU1467,Male,English,84.1,6.3,57.4,10,20.4,70.2,Average,1,1,0.7180851063829785,0.6774193548387096,0.4593908629441625,1.0,0.3132250580046403
STU1468,Male,Computer Science,68.6,3.1,77.6,3,31.7,57.2,Average,1,0,0.44326241134751765,0.3333333333333333,0.7157360406091371,0.2222222222222222,0.5754060324825986
STU1469,Female,Science,68.1,4.7,73.2,9,17.1,57.5,Average,0,3,0.4343971631205672,0.5053763440860215,0.6598984771573604,0.8888888888888888,0.2366589327146172
STU1470,Male,Science,71.7,3.9,61.4,3,34.8,56.5,Average,1,3,0.49822695035460995,0.4193548387096774,0.5101522842639594,0.2222222222222222,0.6473317865429233
STU1471,Female,English,47.4,5.0,59.5,6,18.1,58.7,Average,0,1,0.06737588652482263,0.5376344086021505,0.4860406091370559,0.5555555555555556,0.25986078886310904
STU1472,Male,English,56.8,4.2,59.1,1,32.4,50.2,Average,1,1,0.23404255319148937,0.45161290322580644,0.48096446700507617,0.0,0.5916473317865428
STU1473,Female,English,91.4,1.4,51.2,6,33.0,59.6,Average,0,1,0.8475177304964541,0.15053763440860213,0.38071065989847724,0.5555555555555556,0.605568445475638
STU1474,Female,Social Studies,74.67350427350428,6.0,89.2,4,22.4,64.0,Average,0,4,0.5509486573316362,0.6451612903225805,0.8629441624365481,0.3333333333333333,0.3596287703016241
STU1475,Female,Social Studies,72.0,3.0,60.2,8,32.7,62.1,Average,0,4,0.5035460992907801,0.32258064516129026,0.49492385786802034,0.7777777777777777,0.5986078886310905
STU1476,Male,Social Studies,81.9,0.9,83.3,9,30.1,61.7,Average,1,4,0.6790780141843973,0.0967741935483871,0.7880710659898476,0.8888888888888888,0.5382830626450116
STU1477,Male,Math,78.7,3.1,87.8,4,23.7,64.1,Average,1,2,0.6223404255319149,0.3333333333333333,0.8451776649746192,0.3333333333333333,0.38979118329466356
STU1478,Male,Science,100.0,7.0,80.0,10,19.9,72.8,Average,1,3,1.0,0.7526881720430106,0.7461928934010151,1.0,0.3016241299303944
STU1479,Female,Computer Science,88.4,5.7,58.5,10,12.3,57.3,Average,0,0,0.7943262411347518,0.6129032258064515,0.47335025380710666,1.0,0.12529002320185617
STU1480,Female,Math,73.5,3.3,71.1,6,30.8,60.0,Average,0,2,0.5301418439716312,0.3548387096774193,0.633248730964467,0.5555555555555556,0.5545243619489559
STU1481,Male,Science,63.5,3.3,64.6,1,15.5,49.4,Low,1,3,0.352836879432624,0.3548387096774193,0.5507614213197969,0.0,0.19953596287703013
STU1482,Female,Science,55.7,3.4,51.4,4,28.8,46.9,Low,0,3,0.21453900709219864,0.3655913978494623,0.38324873096446704,0.3333333333333333,0.5081206496519721
STU1483,Female,English,77.4,8.2,69.9,7,25.9,63.2,Average,0,1,0.5992907801418441,0.8817204301075267,0.618020304568528,0.6666666666666665,0.44083526682134566
STU1484,Female,English,65.9,4.8,47.3,1,33.4,54.3,Average,0,1,0.39539007092198597,0.5161290322580644,0.3312182741116751,0.0,0.6148491879350347
STU1485,Male,Math,57.9,4.9,82.8,8,25.6,67.9,Average,1,2,0.2535460992907801,0.5268817204301075,0.781725888324873,0.7777777777777777,0.4338747099767981
STU1486,Female,English,67.2,6.1,58.0,10,25.4,62.1,Average,0,1,0.4184397163120568,0.6559139784946235,0.467005076142132,1.0,0.4292343387470997
STU1487,Male,Science,62.0,4.5,68.0,6,33.9,66.2,Average,1,3,0.3262411347517731,0.48387096774193544,0.5939086294416245,0.5555555555555556,0.6264501160092807
STU1488,Male,English,95.2,3.5,69.2,5,30.7,58.9,Average,1,1,0.9148936170212767,0.3763440860215053,0.6091370558375635,0.4444444444444445,0.5522041763341067
STU1489,Male,Social Studies,85.6,3.6,61.1,10,30.5,64.7,Average,1,4,0.7446808510638296,0.3870967741935484,0.5063451776649746,1.0,0.5475638051044083
STU1490,Male,English,74.9,3.9,73.8,9,31.8,69.7,Average,1,1,0.5549645390070923,0.4193548387096774,0.6675126903553299,0.8888888888888888,0.5777262180974477
STU1491,Male,Science,74.67350427350428,3.9,57.9,2,15.7,44.8,Low,1,3,0.5509486573316362,0.4193548387096774,0.46573604060913704,0.1111111111111111,0.20417633410672847
STU1492,Female,Math,75.9,5.5,78.1,5,34.1,69.9,Average,0,2,0.572695035460993,0.5913978494623655,0.7220812182741116,0.4444444444444445,0.6310904872389791
STU1493,Male,Computer Science,64.7,4.1,44.8,6,32.9,61.3,Average,1,0,0.374113475177305,0.4408602150537633,0.299492385786802,0.5555555555555556,0.6032482598607888
STU1494,Male,English,93.3,5.5,66.9,7,19.9,65.5,Average,1,1,0.8812056737588652,0.5913978494623655,0.5799492385786802,0.6666666666666665,0.3016241299303944
STU1495,Male,Science,81.5,3.8,94.1,5,26.0,61.6,Average,1,3,0.6719858156028369,0.4086021505376343,0.9251269035532994,0.4444444444444445,0.4431554524361949
STU1496,Female,Computer Science,62.6,4.2,50.0,9,27.7,63.9,Average,0,0,0.3368794326241136,0.45161290322580644,0.3654822335025381,0.8888888888888888,0.48259860788863107
STU1497,Female,Computer Science,74.67350427350428,0.0,54.8,1,26.9,42.1,Low,0,0,0.5509486573316362,0.0,0.4263959390862944,0.0,0.46403712296983757
STU1498,Female,Social Studies,64.5,5.8,72.7,7,30.7,60.5,Average,0,4,0.3705673758865249,0.6236559139784945,0.6535532994923858,0.6666666666666665,0.5522041763341067
STU1499,Female,Computer Science,58.4,4.7,67.7,10,39.5,73.9,Average,0,0,0.2624113475177303,0.5053763440860215,0.5901015228426396,1.0,0.7563805104408352
STU1500,Male,Science,86.1,6.0,70.3,7,36.7,72.1,Average,1,3,0.7535460992907801,0.6451612903225805,0.6230964467005076,0.6666666666666665,0.691415313225058
STU1501,Male,Science,97.9,0.0,72.3,4,17.5,46.2,Low,1,3,0.9627659574468086,0.0,0.648477157360406,0.3333333333333333,0.24593967517401388
STU1502,Female,English,58.2,8.2,74.5,9,33.0,80.9,High,0,1,0.25886524822695045,0.8817204301075267,0.6763959390862944,0.8888888888888888,0.605568445475638
STU1503,Female,English,81.8,3.7,81.6,5,38.6,66.3,Average,0,1,0.677304964539007,0.3978494623655914,0.766497461928934,0.4444444444444445,0.7354988399071926
STU1504,Female,English,67.2,6.2,71.1,4,31.1,59.3,Average,0,1,0.4184397163120568,0.6666666666666666,0.633248730964467,0.3333333333333333,0.5614849187935035
STU1505,Female,Computer Science,69.2,1.9,61.4,7,36.7,63.8,Average,0,0,0.45390070921985815,0.20430107526881716,0.5101522842639594,0.6666666666666665,0.691415313225058
STU1506,Male,Computer Science,67.9,5.2,75.1,4,44.1,75.3,High,1,0,0.43085106382978733,0.5591397849462365,0.6840101522842639,0.3333333333333333,0.8631090487238979
STU1507,Female,Social Studies,64.6,1.9,93.5,3,36.2,59.3,Average,0,4,0.3723404255319147,0.20430107526881716,0.9175126903553299,0.2222222222222222,0.679814385150812
STU1508,Female,English,75.6,2.8,63.0,9,30.0,63.7,Average,0,1,0.5673758865248226,0.30107526881720426,0.5304568527918783,0.8888888888888888,0.5359628770301623
STU1509,Female,Math,65.0,7.8,50.4,8,36.4,71.2,Average,0,2,0.3794326241134751,0.8387096774193548,0.3705583756345178,0.7777777777777777,0.6844547563805103
STU1510,Female,Social Studies,78.2,3.6,81.6,1,29.2,58.1,Average,0,4,0.6134751773049645,0.3870967741935484,0.766497461928934,0.0,0.5174013921113688
STU1511,Female,Math,74.4,4.4,63.2,7,28.2,61.0,Average,0,2,0.5460992907801419,0.47311827956989244,0.5329949238578682,0.6666666666666665,0.494199535962877
STU1512,Female,Computer Science,72.1,5.7,32.4,9,25.2,57.5,Average,0,0,0.5053191489361701,0.6129032258064515,0.14213197969543145,0.8888888888888888,0.4245939675174013
STU1513,Female,Social Studies,64.1,5.0,77.7,8,40.5,74.2,Average,0,4,0.3634751773049645,0.5376344086021505,0.717005076142132,0.7777777777777777,0.7795823665893271
STU1514,Male,Social Studies,68.1,4.3,57.0,8,21.5,51.8,Average,1,4,0.4343971631205672,0.4623655913978494,0.45431472081218277,0.7777777777777777,0.3387470997679814
STU1515,Male,Science,84.1,4.7,63.6,6,40.3,68.7,Average,1,3,0.7180851063829785,0.5053763440860215,0.5380710659898478,0.5555555555555556,0.7749419953596287
STU1516,Male,Computer Science,81.0,8.8,70.0,4,32.0,76.4,High,1,0,0.6631205673758864,0.9462365591397849,0.6192893401015229,0.3333333333333333,0.5823665893271461
STU1517,Male,Computer Science,63.3,3.9,67.9,8,16.8,61.1,Average,1,0,0.3492907801418439,0.4193548387096774,0.5926395939086295,0.7777777777777777,0.22969837587006958
STU1518,Male,Social Studies,76.2,4.4,75.6,3,30.9,57.2,Average,1,4,0.5780141843971631,0.47311827956989244,0.6903553299492384,0.2222222222222222,0.5568445475638051
STU1519,Male,Computer Science,84.0,6.1,58.5,9,11.2,61.5,Average,1,0,0.7163120567375887,0.6559139784946235,0.47335025380710666,0.8888888888888888,0.09976798143851506
STU1520,Female,Social Studies,55.0,6.2,72.7,2,33.0,65.1,Average,0,4,0.202127659574468,0.6666666666666666,0.6535532994923858,0.1111111111111111,0.605568445475638
STU1521,Female,Science,81.5,6.4,61.1,2,35.1,59.1,Average,0,3,0.6719858156028369,0.6881720430107526,0.5063451776649746,0.1111111111111111,0.654292343387471
STU1522,Male,Social Studies,67.0,5.3,76.1,7,23.3,64.5,Average,1,4,0.4148936170212765,0.5698924731182795,0.6967005076142132,0.6666666666666665,0.38051044083526686
STU1523,Female,Computer Science,81.8,1.7,74.2,10,29.0,64.7,Average,0,0,0.677304964539007,0.18279569892473116,0.6725888324873097,1.0,0.5127610208816705
STU1524,Male,Computer Science,65.8,7.3,51.0,4,43.6,73.2,Average,1,0,0.3936170212765957,0.7849462365591396,0.37817258883248733,0.3333333333333333,0.851508120649652
STU1525,Female,Social Studies,53.3,1.7,81.3,10,24.0,55.3,Average,0,4,0.17198581560283677,0.18279569892473116,0.7626903553299491,1.0,0.3967517401392111
STU1526,Female,Social Studies,55.5,4.6,57.0,8,19.5,55.3,Average,0,4,0.21099290780141844,0.4946236559139784,0.45431472081218277,0.7777777777777777,0.29234338747099764
STU1527,Female,Social Studies,75.6,2.5,77.1,9,39.9,68.9,Average,0,4,0.5673758865248226,0.26881720430107525,0.7093908629441623,0.8888888888888888,0.7656612529002319
STU1528,Female,English,78.1,3.9,70.5,7,43.7,64.7,Average,0,1,0.6117021276595744,0.4193548387096774,0.6256345177664975,0.6666666666666665,0.8538283062645011
STU1529,Female,Computer Science,64.1,4.7,92.6,5,28.0,65.6,Average,0,0,0.3634751773049645,0.5053763440860215,0.9060913705583755,0.4444444444444445,0.4895591647331786
STU1530,Female,Computer Science,82.7,4.6,61.6,8,36.1,67.3,Average,0,0,0.6932624113475179,0.4946236559139784,0.5126903553299493,0.7777777777777777,0.6774941995359629
STU1531,Male,English,55.1,4.8,59.8,4,38.7,58.8,Average,1,1,0.20390070921985815,0.5161290322580644,0.48984771573604063,0.3333333333333333,0.7378190255220418
STU1532,Male,Social Studies,74.2,7.2,64.7,2,22.1,70.0,Average,1,4,0.5425531914893618,0.7741935483870968,0.5520304568527918,0.1111111111111111,0.35266821345707655
STU1533,Female,Science,60.5,4.9,60.5,6,24.1,61.5,Average,0,3,0.29964539007092195,0.5268817204301075,0.4987309644670051,0.5555555555555556,0.39907192575406036
STU1534,Male,Social Studies,67.2,3.5,77.0,9,37.8,64.3,Average,1,4,0.4184397163120568,0.3763440860215053,0.7081218274111676,0.8888888888888888,0.716937354988399
STU1535,Female,Social Studies,75.6,5.9,40.8,1,41.5,63.1,Average,0,4,0.5673758865248226,0.6344086021505376,0.2487309644670051,0.0,0.802784222737819
STU1536,Male,English,64.7,6.4,49.2,10,32.5,73.9,Average,1,1,0.374113475177305,0.6881720430107526,0.3553299492385787,1.0,0.5939675174013921
STU1537,Female,Computer Science,70.4,1.5,49.0,7,21.0,40.0,Low,0,0,0.47517730496453914,0.16129032258064513,0.3527918781725889,0.6666666666666665,0.3271461716937355
STU1538,Male,Social Studies,87.1,5.2,79.3,10,43.9,81.8,High,1,4,0.7712765957446808,0.5591397849462365,0.7373096446700507,1.0,0.8584686774941994
STU1539,Female,Computer Science,68.1,5.4,90.7,9,23.8,69.6,Average,0,0,0.4343971631205672,0.5806451612903225,0.881979695431472,0.8888888888888888,0.3921113689095127
STU1540,Male,Math,85.0,3.4,63.4,10,25.3,57.4,Average,1,2,0.7340425531914894,0.3655913978494623,0.5355329949238579,1.0,0.42691415313225056
STU1541,Female,Computer Science,61.4,6.8,62.5,9,30.7,71.2,Average,0,0,0.3156028368794326,0.7311827956989246,0.5241116751269035,0.8888888888888888,0.5522041763341067
STU1542,Male,Science,81.4,3.7,66.1,10,40.4,75.7,High,1,3,0.6702127659574468,0.3978494623655914,0.5697969543147208,1.0,0.7772621809744779
STU1543,Female,Science,92.3,4.3,82.4,3,34.8,73.1,Average,0,3,0.8634751773049645,0.4623655913978494,0.7766497461928934,0.2222222222222222,0.6473317865429233
STU1544,Female,Social Studies,45.3,3.7,51.1,5,31.3,51.0,Average,0,4,0.03014184397163111,0.3978494623655914,0.3794416243654823,0.4444444444444445,0.5661252900232019
STU1545,Female,Computer Science,65.4,4.0,68.6,8,31.7,72.7,Average,0,0,0.3865248226950355,0.4301075268817204,0.6015228426395938,0.7777777777777777,0.5754060324825986
STU1546,Male,Social Studies,81.9,1.8,79.6,8,28.3,52.5,Average,1,4,0.6790780141843973,0.1935483870967742,0.7411167512690353,0.7777777777777777,0.49651972157772617
STU1547,Male,English,72.6,1.1,72.5,4,32.5,54.4,Average,1,1,0.5141843971631204,0.11827956989247311,0.6510152284263959,0.3333333333333333,0.5939675174013921
STU1548,Male,Science,79.5,7.2,67.8,1,7.8,47.7,Low,1,3,0.6365248226950355,0.7741935483870968,0.5913705583756346,0.0,0.020881670533642677
STU1549,Female,Social Studies,67.8,2.3,80.0,1,25.6,50.4,Average,0,4,0.42907801418439706,0.2473118279569892,0.7461928934010151,0.0,0.4338747099767981
STU1550,Male,English,76.0,2.0,24.5,4,29.9,42.2,Low,1,1,0.574468085106383,0.2150537634408602,0.04187817258883253,0.3333333333333333,0.5336426914153132
STU1551,Female,Social Studies,73.1,0.0,75.2,6,18.8,47.1,Low,0,4,0.5230496453900708,0.0,0.6852791878172588,0.5555555555555556,0.27610208816705334
STU1552,Male,Computer Science,89.0,2.7,55.2,8,31.1,59.6,Average,1,0,0.8049645390070923,0.29032258064516125,0.43147208121827413,0.7777777777777777,0.5614849187935035
STU1553,Male,Computer Science,78.1,1.4,37.5,6,26.4,42.8,Low,1,0,0.6117021276595744,0.15053763440860213,0.20685279187817263,0.5555555555555556,0.4524361948955916
STU1554,Male,Computer Science,79.1,7.3,72.7,9,42.0,79.7,High,1,0,0.6294326241134751,0.7849462365591396,0.6535532994923858,0.8888888888888888,0.814385150812065
STU1555,Male,Computer Science,70.1,6.0,85.6,9,40.6,86.8,High,1,0,0.4698581560283688,0.6451612903225805,0.8172588832487309,0.8888888888888888,0.7819025522041764
STU1556,Female,Math,69.1,2.6,62.9,2,24.3,49.5,Low,0,2,0.4521276595744679,0.27956989247311825,0.5291878172588833,0.1111111111111111,0.40371229698375866
STU1557,Male,English,69.8,8.5,79.3,10,26.8,72.1,Average,1,1,0.4645390070921984,0.9139784946236558,0.7373096446700507,1.0,0.4617169373549884
STU1558,Male,English,79.7,6.0,89.2,1,27.4,67.4,Average,1,1,0.6400709219858156,0.6451612903225805,0.8629441624365481,0.0,0.4756380510440834
STU1559,Female,Computer Science,74.67350427350428,3.4,84.7,2,24.4,54.3,Average,0,0,0.5509486573316362,0.3655913978494623,0.8058375634517767,0.1111111111111111,0.4060324825986078
STU1560,Female,Math,78.5,0.0,89.6,5,29.6,54.2,Average,0,2,0.6187943262411348,0.0,0.8680203045685277,0.4444444444444445,0.5266821345707656
STU1561,Male,Computer Science,99.9,8.6,76.1,4,21.9,76.3,High,1,0,0.99822695035461,0.9247311827956988,0.6967005076142132,0.3333333333333333,0.34802784222737815
STU1562,Male,Math,85.5,1.2,66.1,4,19.0,50.8,Average,1,2,0.7429078014184398,0.1290322580645161,0.5697969543147208,0.3333333333333333,0.2807424593967517
STU1563,Female,Computer Science,71.1,0.7,41.0,9,33.0,47.5,Low,0,0,0.48758865248226946,0.07526881720430106,0.2512690355329949,0.8888888888888888,0.605568445475638
STU1564,Female,Science,89.4,6.0,61.3,8,33.0,71.7,Average,0,3,0.8120567375886525,0.6451612903225805,0.5088832487309645,0.7777777777777777,0.605568445475638
STU1565,Female,Science,70.1,8.9,52.4,6,21.6,64.3,Average,0,3,0.4698581560283688,0.9569892473118279,0.39593908629441626,0.5555555555555556,0.3410672853828306
STU1566,Male,Social Studies,50.5,6.8,97.6,1,35.2,71.5,Average,1,4,0.12234042553191482,0.7311827956989246,0.9695431472081217,0.0,0.6566125290023203
STU1567,Male,Computer Science,62.9,5.1,62.4,2,22.9,52.1,Average,1,0,0.3421985815602837,0.5483870967741934,0.5228426395939085,0.1111111111111111,0.37122969837587005
STU1568,Male,English,52.6,5.2,66.8,6,30.0,61.2,Average,1,1,0.15957446808510634,0.5591397849462365,0.5786802030456852,0.5555555555555556,0.5359628770301623
STU1569,Female,Social Studies,70.8,5.7,73.3,2,34.6,63.8,Average,0,4,0.4822695035460993,0.6129032258064515,0.6611675126903553,0.1111111111111111,0.642691415313225
STU1570,Female,Science,75.2,5.5,65.7,10,27.7,68.0,Average,0,3,0.5602836879432624,0.5913978494623655,0.5647208121827412,1.0,0.48259860788863107
STU1571,Female,Computer Science,95.1,4.6,90.4,5,31.6,77.4,High,0,0,0.9131205673758864,0.4946236559139784,0.8781725888324874,0.4444444444444445,0.5730858468677494
STU1572,Male,Social Studies,78.9,4.2,55.7,5,23.9,64.4,Average,1,4,0.625886524822695,0.45161290322580644,0.4378172588832488,0.4444444444444445,0.39443155452436185
STU1573,Female,Computer Science,72.4,3.9,67.9,6,26.4,60.1,Average,0,0,0.5106382978723405,0.4193548387096774,0.5926395939086295,0.5555555555555556,0.4524361948955916
STU1574,Male,Science,85.0,2.5,53.9,6,26.4,53.3,Average,1,3,0.7340425531914894,0.26881720430107525,0.41497461928934015,0.5555555555555556,0.4524361948955916
STU1575,Female,Social Studies,48.5,3.4,45.2,6,22.0,40.2,Low,0,4,0.08687943262411346,0.3655913978494623,0.3045685279187818,0.5555555555555556,0.3503480278422273
STU1576,Male,Science,77.8,0.6,55.8,2,26.6,40.4,Low,1,3,0.6063829787234043,0.06451612903225805,0.43908629441624364,0.1111111111111111,0.45707656612529
STU1577,Male,Math,84.3,3.8,64.4,10,15.6,57.5,Average,1,2,0.7216312056737588,0.4086021505376343,0.5482233502538072,1.0,0.20185614849187933
STU1578,Female,Science,57.3,2.0,58.6,3,24.1,41.6,Low,0,3,0.2429078014184396,0.2150537634408602,0.4746192893401016,0.2222222222222222,0.39907192575406036
STU1579,Male,Computer Science,88.7,1.8,54.6,6,25.7,49.8,Low,1,0,0.799645390070922,0.1935483870967742,0.4238578680203046,0.5555555555555556,0.43619489559164726
STU1580,Female,English,74.67350427350428,4.4,43.9,8,26.0,63.9,Average,0,1,0.5509486573316362,0.47311827956989244,0.2880710659898477,0.7777777777777777,0.4431554524361949
STU1581,Male,Science,70.0,6.8,63.8,1,26.1,59.9,Average,1,3,0.46808510638297873,0.7311827956989246,0.5406091370558375,0.0,0.44547563805104406
STU1582,Female,English,82.6,5.8,42.4,1,27.5,55.5,Average,0,1,0.6914893617021276,0.6236559139784945,0.26903553299492383,0.0,0.47795823665893267
STU1583,Female,Math,100.0,0.9,76.4,2,31.8,52.5,Average,0,2,1.0,0.0967741935483871,0.7005076142131981,0.1111111111111111,0.5777262180974477
STU1584,Male,Social Studies,77.2,2.0,66.2,6,35.0,63.0,Average,1,4,0.5957446808510638,0.2150537634408602,0.5710659898477157,0.5555555555555556,0.6519721577726217
STU1585,Female,Social Studies,78.0,5.9,43.1,9,22.8,60.4,Average,0,4,0.6099290780141844,0.6344086021505376,0.2779187817258884,0.8888888888888888,0.3689095127610209
STU1586,Male,English,69.5,2.0,60.4,4,18.4,42.6,Low,1,1,0.4592198581560283,0.2150537634408602,0.49746192893401014,0.3333333333333333,0.26682134570765653
STU1587,Female,Social Studies,64.8,3.6,53.7,3,19.7,40.5,Low,0,4,0.375886524822695,0.3870967741935484,0.41243654822335035,0.2222222222222222,0.296983758700696
STU1588,Female,Science,85.0,5.1,69.8,8,24.1,65.2,Average,0,3,0.7340425531914894,0.5483870967741934,0.616751269035533,0.7777777777777777,0.39907192575406036
STU1589,Female,English,64.7,2.1,85.1,10,25.2,58.0,Average,0,1,0.374113475177305,0.22580645161290322,0.8109137055837563,1.0,0.4245939675174013
STU1590,Female,Computer Science,75.9,4.2,36.9,9,21.8,60.4,Average,0,0,0.572695035460993,0.45161290322580644,0.19923857868020306,0.8888888888888888,0.345707656612529
STU1591,Male,Science,69.3,1.3,66.7,5,17.6,51.5,Average,1,3,0.4556737588652482,0.13978494623655913,0.5774111675126905,0.4444444444444445,0.24825986078886314
STU1592,Female,Science,80.7,2.8,62.6,9,24.4,53.4,Average,0,3,0.6578014184397163,0.30107526881720426,0.5253807106598984,0.8888888888888888,0.4060324825986078
STU1593,Female,Science,79.0,4.6,75.1,2,29.5,56.3,Average,0,3,0.6276595744680851,0.4946236559139784,0.6840101522842639,0.1111111111111111,0.5243619489559165
STU1594,Male,Computer Science,87.5,0.8,68.2,3,32.8,51.6,Average,1,0,0.7783687943262412,0.08602150537634408,0.5964467005076142,0.2222222222222222,0.6009280742459395
STU1595,Male,Math,68.9,4.9,53.7,7,23.5,54.3,Average,1,2,0.448581560283688,0.5268817204301075,0.41243654822335035,0.6666666666666665,0.38515081206496515
STU1596,Male,Social Studies,71.8,4.0,60.2,7,24.7,58.2,Average,1,4,0.5,0.4301075268817204,0.49492385786802034,0.6666666666666665,0.41299303944315535
STU1597,Male,English,63.3,5.1,53.1,6,20.6,53.0,Average,1,1,0.3492907801418439,0.5483870967741934,0.40482233502538073,0.5555555555555556,0.31786542923433875
STU1598,Male,Math,69.7,4.4,81.1,6,27.7,64.4,Average,1,2,0.4627659574468086,0.47311827956989244,0.7601522842639592,0.5555555555555556,0.48259860788863107
STU1599,Male,English,79.5,6.7,65.3,2,21.2,63.5,Average,1,1,0.6365248226950355,0.7204301075268816,0.5596446700507614,0.1111111111111111,0.33178654292343385
